SKU,Parent Product SKU,Product Name,Category,Price Type,Unit,Price,Cost,Supplier Price,Product Tags,Inventory Type,Track Stock Levels,Barcode,Variant Name 1,Variant Value 1,Variant Name 2,Variant Value 2,Variant Name 3,Variant Value 3,Thongthan_Quantity,Warning Stock Level,Ideal Stock Level,Supplier,Tax Name,Store Credits,Kitchen Printer
#Required (Must be unique),,Required,Optional,Required (Fixed/Variable/Unit),Required if the price type is Unit. Leave this field empty if the price Type is either Fixed or Variable.,Optional; 0 by default,Optional,Optional(this field can only be modified if 'Fix Supplier Price' is selected for at least one store in Account Settings),Optional; use semicolon ( ; ) to separate multiple tags,Optional(Simple/Composite/Serialized; Simple by default if tracking inventory),Required (0/1),Optional; Must be unique if specified; use semicolon ( ; ) to separate multiple barcodes,,,,,,,Optional; 0 by default if tracking inventory,Optional,Optional,Optional; use semicolon ( ; ) to separate multiple suppliers,Optional,Optional,Optional
131015_11_SS,,131015_11_SS เชิ้ตผู้หญิงลายริ้วแขนยาว,Shirts,Fixed,,495.0,495.0,,,,1,131015_11_SS,,,,,,,0,,,,,,
131015_11_S,,131015_11_S เชิ้ตผู้หญิงลายริ้วแขนยาว,Shirts,Fixed,,495.0,495.0,,,,1,131015_11_S,,,,,,,0,,,,,,
131015_11_M,,131015_11_M เชิ้ตผู้หญิงลายริ้วแขนยาว,Shirts,Fixed,,495.0,495.0,,,,1,131015_11_M,,,,,,,0,,,,,,
131015_11_L,,131015_11_L เชิ้ตผู้หญิงลายริ้วแขนยาว,Shirts,Fixed,,495.0,495.0,,,,1,131015_11_L,,,,,,,0,,,,,,
131015_11_XL,,131015_11_XL เชิ้ตผู้หญิงลายริ้วแขนยาว,Shirts,Fixed,,495.0,495.0,,,,1,131015_11_XL,,,,,,,0,,,,,,
131015_11_2XL,,131015_11_2XL เชิ้ตผู้หญิงลายริ้วแขนยาว,Shirts,Fixed,,495.0,495.0,,,,1,131015_11_2XL,,,,,,,1,,,,,,
131015_11_3XL,,131015_11_3XL เชิ้ตผู้หญิงลายริ้วแขนยาว,Shirts,Fixed,,515.0,515.0,,,,1,131015_11_3XL,,,,,,,0,,,,,,
131065_5_SS,,131065_5_SS เชิ้ตผู้หญิงลายริ้วแขนยาว,Shirts,Fixed,,465.0,465.0,,,,1,131065_5_SS,,,,,,,0,,,,,,
131065_5_S,,131065_5_S เชิ้ตผู้หญิงลายริ้วแขนยาว,Shirts,Fixed,,465.0,465.0,,,,1,131065_5_S,,,,,,,51,,,,,,
131065_5_M,,131065_5_M เชิ้ตผู้หญิงลายริ้วแขนยาว,Shirts,Fixed,,465.0,465.0,,,,1,131065_5_M,,,,,,,78,,,,,,
131065_5_L,,131065_5_L เชิ้ตผู้หญิงลายริ้วแขนยาว,Shirts,Fixed,,465.0,465.0,,,,1,131065_5_L,,,,,,,74,,,,,,
131065_5_XL,,131065_5_XL เชิ้ตผู้หญิงลายริ้วแขนยาว,Shirts,Fixed,,465.0,465.0,,,,1,131065_5_XL,,,,,,,44,,,,,,
131065_5_2XL,,131065_5_2XL เชิ้ตผู้หญิงลายริ้วแขนยาว,Shirts,Fixed,,465.0,465.0,,,,1,131065_5_2XL,,,,,,,39,,,,,,
131065_5_3XL,,131065_5_3XL เชิ้ตผู้หญิงลายริ้วแขนยาว,Shirts,Fixed,,515.0,515.0,,,,1,131065_5_3XL,,,,,,,14,,,,,,
131445_0_SS,,131445_0_SS เชิ้ตผู้หญิงลายริ้วแขนยาว,Shirts,Fixed,,495.0,495.0,,,,1,131445_0_SS,,,,,,,0,,,,,,
131445_0_S,,131445_0_S เชิ้ตผู้หญิงลายริ้วแขนยาว,Shirts,Fixed,,495.0,495.0,,,,1,131445_0_S,,,,,,,18,,,,,,
131445_0_M,,131445_0_M เชิ้ตผู้หญิงลายริ้วแขนยาว,Shirts,Fixed,,495.0,495.0,,,,1,131445_0_M,,,,,,,23,,,,,,
131445_0_L,,131445_0_L เชิ้ตผู้หญิงลายริ้วแขนยาว,Shirts,Fixed,,495.0,495.0,,,,1,131445_0_L,,,,,,,24,,,,,,
131445_0_XL,,131445_0_XL เชิ้ตผู้หญิงลายริ้วแขนยาว,Shirts,Fixed,,495.0,495.0,,,,1,131445_0_XL,,,,,,,24,,,,,,
131445_0_2XL,,131445_0_2XL เชิ้ตผู้หญิงลายริ้วแขนยาว,Shirts,Fixed,,495.0,495.0,,,,1,131445_0_2XL,,,,,,,8,,,,,,
131445_0_3XL,,131445_0_3XL เชิ้ตผู้หญิงลายริ้วแขนยาว,Shirts,Fixed,,545.0,545.0,,,,1,131445_0_3XL,,,,,,,7,,,,,,
131571_0_SS,,131571_0_SS เชิ้ตผู้หญิงลายริ้วแขนยาว,Shirts,Fixed,,495.0,495.0,,,,1,131571_0_SS,,,,,,,0,,,,,,
131571_0_S,,131571_0_S เชิ้ตผู้หญิงลายริ้วแขนยาว,Shirts,Fixed,,495.0,495.0,,,,1,131571_0_S,,,,,,,0,,,,,,
131571_0_M,,131571_0_M เชิ้ตผู้หญิงลายริ้วแขนยาว,Shirts,Fixed,,495.0,495.0,,,,1,131571_0_M,,,,,,,0,,,,,,
131571_0_L,,131571_0_L เชิ้ตผู้หญิงลายริ้วแขนยาว,Shirts,Fixed,,495.0,495.0,,,,1,131571_0_L,,,,,,,0,,,,,,
131571_0_XL,,131571_0_XL เชิ้ตผู้หญิงลายริ้วแขนยาว,Shirts,Fixed,,495.0,495.0,,,,1,131571_0_XL,,,,,,,9,,,,,,
131571_0_2XL,,131571_0_2XL เชิ้ตผู้หญิงลายริ้วแขนยาว,Shirts,Fixed,,495.0,495.0,,,,1,131571_0_2XL,,,,,,,0,,,,,,
131571_0_3XL,,131571_0_3XL เชิ้ตผู้หญิงลายริ้วแขนยาว,Shirts,Fixed,,545.0,545.0,,,,1,131571_0_3XL,,,,,,,5,,,,,,
131571E_0_SS,,131571E_0_SS เชิ้ตผู้หญิงลายริ้วแขนยาว,Shirts,Fixed,,495.0,495.0,,,,1,131571E_0_SS,,,,,,,0,,,,,,
131571E_0_S,,131571E_0_S เชิ้ตผู้หญิงลายริ้วแขนยาว,Shirts,Fixed,,495.0,495.0,,,,1,131571E_0_S,,,,,,,7,,,,,,
131571E_0_M,,131571E_0_M เชิ้ตผู้หญิงลายริ้วแขนยาว,Shirts,Fixed,,495.0,495.0,,,,1,131571E_0_M,,,,,,,16,,,,,,
131571E_0_L,,131571E_0_L เชิ้ตผู้หญิงลายริ้วแขนยาว,Shirts,Fixed,,495.0,495.0,,,,1,131571E_0_L,,,,,,,0,,,,,,
131571E_0_XL,,131571E_0_XL เชิ้ตผู้หญิงลายริ้วแขนยาว,Shirts,Fixed,,495.0,495.0,,,,1,131571E_0_XL,,,,,,,0,,,,,,
131571E_0_2XL,,131571E_0_2XL เชิ้ตผู้หญิงลายริ้วแขนยาว,Shirts,Fixed,,495.0,495.0,,,,1,131571E_0_2XL,,,,,,,7,,,,,,
131571E_0_3XL,,131571E_0_3XL เชิ้ตผู้หญิงลายริ้วแขนยาว,Shirts,Fixed,,545.0,545.0,,,,1,131571E_0_3XL,,,,,,,4,,,,,,
134061_5_SS,,134061_5_SS เชิ้ตผู้หญิงผ้าพื้นแขนยาว,Shirts,Fixed,,399.0,399.0,,,,1,134061_5_SS,,,,,,,0,,,,,,
134061_5_S,,134061_5_S เชิ้ตผู้หญิงผ้าพื้นแขนยาว,Shirts,Fixed,,399.0,399.0,,,,1,134061_5_S,,,,,,,0,,,,,,
134061_5_M,,134061_5_M เชิ้ตผู้หญิงผ้าพื้นแขนยาว,Shirts,Fixed,,399.0,399.0,,,,1,134061_5_M,,,,,,,0,,,,,,
134061_5_L,,134061_5_L เชิ้ตผู้หญิงผ้าพื้นแขนยาว,Shirts,Fixed,,399.0,399.0,,,,1,134061_5_L,,,,,,,0,,,,,,
134061_5_XL,,134061_5_XL เชิ้ตผู้หญิงผ้าพื้นแขนยาว,Shirts,Fixed,,399.0,399.0,,,,1,134061_5_XL,,,,,,,60,,,,,,
134061_5_2XL,,134061_5_2XL เชิ้ตผู้หญิงผ้าพื้นแขนยาว,Shirts,Fixed,,399.0,399.0,,,,1,134061_5_2XL,,,,,,,0,,,,,,
134061_5_3XL,,134061_5_3XL เชิ้ตผู้หญิงผ้าพื้นแขนยาว,Shirts,Fixed,,450.0,450.0,,,,1,134061_5_3XL,,,,,,,3,,,,,,
134061E_5_SS,,134061E_5_SS เชิ้ตผู้หญิงผ้าพื้นแขนยาว,Shirts,Fixed,,399.0,399.0,,,,1,134061E_5_SS,,,,,,,0,,,,,,
134061E_5_S,,134061E_5_S เชิ้ตผู้หญิงผ้าพื้นแขนยาว,Shirts,Fixed,,399.0,399.0,,,,1,134061E_5_S,,,,,,,0,,,,,,
134061E_5_M,,134061E_5_M เชิ้ตผู้หญิงผ้าพื้นแขนยาว,Shirts,Fixed,,399.0,399.0,,,,1,134061E_5_M,,,,,,,42,,,,,,
134061E_5_L,,134061E_5_L เชิ้ตผู้หญิงผ้าพื้นแขนยาว,Shirts,Fixed,,399.0,399.0,,,,1,134061E_5_L,,,,,,,32,,,,,,
134061E_5_XL,,134061E_5_XL เชิ้ตผู้หญิงผ้าพื้นแขนยาว,Shirts,Fixed,,399.0,399.0,,,,1,134061E_5_XL,,,,,,,46,,,,,,
134061E_5_2XL,,134061E_5_2XL เชิ้ตผู้หญิงผ้าพื้นแขนยาว,Shirts,Fixed,,399.0,399.0,,,,1,134061E_5_2XL,,,,,,,32,,,,,,
134061E_5_3XL,,134061E_5_3XL เชิ้ตผู้หญิงผ้าพื้นแขนยาว,Shirts,Fixed,,450.0,450.0,,,,1,134061E_5_3XL,,,,,,,0,,,,,,
134067E_5_SS,,134067E_5_SS เชิ้ตผู้หญิงผ้าพื้นแขนยาว,Shirts,Fixed,,399.0,399.0,,,,1,134067E_5_SS,,,,,,,15,,,,,,
134067E_5_S,,134067E_5_S เชิ้ตผู้หญิงผ้าพื้นแขนยาว,Shirts,Fixed,,399.0,399.0,,,,1,134067E_5_S,,,,,,,11,,,,,,
134067E_5_M,,134067E_5_M เชิ้ตผู้หญิงผ้าพื้นแขนยาว,Shirts,Fixed,,399.0,399.0,,,,1,134067E_5_M,,,,,,,20,,,,,,
134067E_5_L,,134067E_5_L เชิ้ตผู้หญิงผ้าพื้นแขนยาว,Shirts,Fixed,,399.0,399.0,,,,1,134067E_5_L,,,,,,,32,,,,,,
134067E_5_XL,,134067E_5_XL เชิ้ตผู้หญิงผ้าพื้นแขนยาว,Shirts,Fixed,,399.0,399.0,,,,1,134067E_5_XL,,,,,,,11,,,,,,
134067E_5_2XL,,134067E_5_2XL เชิ้ตผู้หญิงผ้าพื้นแขนยาว,Shirts,Fixed,,399.0,399.0,,,,1,134067E_5_2XL,,,,,,,13,,,,,,
134067E_5_3XL,,134067E_5_3XL เชิ้ตผู้หญิงผ้าพื้นแขนยาว,Shirts,Fixed,,450.0,450.0,,,,1,134067E_5_3XL,,,,,,,4,,,,,,
134078_4_SS,,134078_4_SS เชิ้ตผู้หญิงผ้าพื้นแขนยาว,Shirts,Fixed,,495.0,495.0,,,,1,134078_4_SS,,,,,,,0,,,,,,
134078_4_S,,134078_4_S เชิ้ตผู้หญิงผ้าพื้นแขนยาว,Shirts,Fixed,,495.0,495.0,,,,1,134078_4_S,,,,,,,10,,,,,,
134078_4_M,,134078_4_M เชิ้ตผู้หญิงผ้าพื้นแขนยาว,Shirts,Fixed,,495.0,495.0,,,,1,134078_4_M,,,,,,,17,,,,,,
134078_4_L,,134078_4_L เชิ้ตผู้หญิงผ้าพื้นแขนยาว,Shirts,Fixed,,495.0,495.0,,,,1,134078_4_L,,,,,,,13,,,,,,
134078_4_XL,,134078_4_XL เชิ้ตผู้หญิงผ้าพื้นแขนยาว,Shirts,Fixed,,495.0,495.0,,,,1,134078_4_XL,,,,,,,10,,,,,,
134078_4_2XL,,134078_4_2XL เชิ้ตผู้หญิงผ้าพื้นแขนยาว,Shirts,Fixed,,495.0,495.0,,,,1,134078_4_2XL,,,,,,,8,,,,,,
134078_4_3XL,,134078_4_3XL เชิ้ตผู้หญิงผ้าพื้นแขนยาว,Shirts,Fixed,,545.0,545.0,,,,1,134078_4_3XL,,,,,,,4,,,,,,
134078E_4_SS,,134078E_4_SS เชิ้ตผู้หญิงผ้าพื้นแขนยาว,Shirts,Fixed,,495.0,495.0,,,,1,134078E_4_SS,,,,,,,0,,,,,,
134078E_4_S,,134078E_4_S เชิ้ตผู้หญิงผ้าพื้นแขนยาว,Shirts,Fixed,,495.0,495.0,,,,1,134078E_4_S,,,,,,,2,,,,,,
134078E_4_M,,134078E_4_M เชิ้ตผู้หญิงผ้าพื้นแขนยาว,Shirts,Fixed,,495.0,495.0,,,,1,134078E_4_M,,,,,,,5,,,,,,
134078E_4_L,,134078E_4_L เชิ้ตผู้หญิงผ้าพื้นแขนยาว,Shirts,Fixed,,495.0,495.0,,,,1,134078E_4_L,,,,,,,5,,,,,,
134078E_4_XL,,134078E_4_XL เชิ้ตผู้หญิงผ้าพื้นแขนยาว,Shirts,Fixed,,495.0,495.0,,,,1,134078E_4_XL,,,,,,,3,,,,,,
134078E_4_2XL,,134078E_4_2XL เชิ้ตผู้หญิงผ้าพื้นแขนยาว,Shirts,Fixed,,495.0,495.0,,,,1,134078E_4_2XL,,,,,,,0,,,,,,
134078E_4_3XL,,134078E_4_3XL เชิ้ตผู้หญิงผ้าพื้นแขนยาว,Shirts,Fixed,,545.0,545.0,,,,1,134078E_4_3XL,,,,,,,0,,,,,,
134086_5_SS,,134086_5_SS เชิ้ตผู้หญิงผ้าพื้นแขนยาว,Shirts,Fixed,,545.0,545.0,,,,1,134086_5_SS,,,,,,,0,,,,,,
134086_5_S,,134086_5_S เชิ้ตผู้หญิงผ้าพื้นแขนยาว,Shirts,Fixed,,545.0,545.0,,,,1,134086_5_S,,,,,,,10,,,,,,
134086_5_M,,134086_5_M เชิ้ตผู้หญิงผ้าพื้นแขนยาว,Shirts,Fixed,,545.0,545.0,,,,1,134086_5_M,,,,,,,19,,,,,,
134086_5_L,,134086_5_L เชิ้ตผู้หญิงผ้าพื้นแขนยาว,Shirts,Fixed,,545.0,545.0,,,,1,134086_5_L,,,,,,,13,,,,,,
134086_5_XL,,134086_5_XL เชิ้ตผู้หญิงผ้าพื้นแขนยาว,Shirts,Fixed,,545.0,545.0,,,,1,134086_5_XL,,,,,,,7,,,,,,
134086_5_2XL,,134086_5_2XL เชิ้ตผู้หญิงผ้าพื้นแขนยาว,Shirts,Fixed,,545.0,545.0,,,,1,134086_5_2XL,,,,,,,0,,,,,,
134086_5_3XL,,134086_5_3XL เชิ้ตผู้หญิงผ้าพื้นแขนยาว,Shirts,Fixed,,545.0,545.0,,,,1,134086_5_3XL,,,,,,,0,,,,,,
134087_5_SS,,134087_5_SS เชิ้ตผู้หญิงผ้าพื้นแขนยาว,Shirts,Fixed,,545.0,545.0,,,,1,134087_5_SS,,,,,,,0,,,,,,
134087_5_S,,134087_5_S เชิ้ตผู้หญิงผ้าพื้นแขนยาว,Shirts,Fixed,,545.0,545.0,,,,1,134087_5_S,,,,,,,3,,,,,,
134087_5_M,,134087_5_M เชิ้ตผู้หญิงผ้าพื้นแขนยาว,Shirts,Fixed,,545.0,545.0,,,,1,134087_5_M,,,,,,,10,,,,,,
134087_5_L,,134087_5_L เชิ้ตผู้หญิงผ้าพื้นแขนยาว,Shirts,Fixed,,545.0,545.0,,,,1,134087_5_L,,,,,,,9,,,,,,
134087_5_XL,,134087_5_XL เชิ้ตผู้หญิงผ้าพื้นแขนยาว,Shirts,Fixed,,545.0,545.0,,,,1,134087_5_XL,,,,,,,5,,,,,,
134087_5_2XL,,134087_5_2XL เชิ้ตผู้หญิงผ้าพื้นแขนยาว,Shirts,Fixed,,545.0,545.0,,,,1,134087_5_2XL,,,,,,,2,,,,,,
134087_5_3XL,,134087_5_3XL เชิ้ตผู้หญิงผ้าพื้นแขนยาว,Shirts,Fixed,,545.0,545.0,,,,1,134087_5_3XL,,,,,,,0,,,,,,
134088_5_SS,,134088_5_SS เชิ้ตผู้หญิงผ้าพื้นแขนยาว,Shirts,Fixed,,545.0,545.0,,,,1,134088_5_SS,,,,,,,0,,,,,,
134088_5_S,,134088_5_S เชิ้ตผู้หญิงผ้าพื้นแขนยาว,Shirts,Fixed,,545.0,545.0,,,,1,134088_5_S,,,,,,,5,,,,,,
134088_5_M,,134088_5_M เชิ้ตผู้หญิงผ้าพื้นแขนยาว,Shirts,Fixed,,545.0,545.0,,,,1,134088_5_M,,,,,,,22,,,,,,
134088_5_L,,134088_5_L เชิ้ตผู้หญิงผ้าพื้นแขนยาว,Shirts,Fixed,,545.0,545.0,,,,1,134088_5_L,,,,,,,14,,,,,,
134088_5_XL,,134088_5_XL เชิ้ตผู้หญิงผ้าพื้นแขนยาว,Shirts,Fixed,,545.0,545.0,,,,1,134088_5_XL,,,,,,,7,,,,,,
134088_5_2XL,,134088_5_2XL เชิ้ตผู้หญิงผ้าพื้นแขนยาว,Shirts,Fixed,,545.0,545.0,,,,1,134088_5_2XL,,,,,,,0,,,,,,
134088_5_3XL,,134088_5_3XL เชิ้ตผู้หญิงผ้าพื้นแขนยาว,Shirts,Fixed,,545.0,545.0,,,,1,134088_5_3XL,,,,,,,0,,,,,,
134090_0_SS,,134090_0_SS เชิ้ตผู้หญิงผ้าพื้นแขนยาว,Shirts,Fixed,,495.0,495.0,,,,1,134090_0_SS,,,,,,,0,,,,,,
134090_0_S,,134090_0_S เชิ้ตผู้หญิงผ้าพื้นแขนยาว,Shirts,Fixed,,495.0,495.0,,,,1,134090_0_S,,,,,,,9,,,,,,
134090_0_M,,134090_0_M เชิ้ตผู้หญิงผ้าพื้นแขนยาว,Shirts,Fixed,,495.0,495.0,,,,1,134090_0_M,,,,,,,25,,,,,,
134090_0_L,,134090_0_L เชิ้ตผู้หญิงผ้าพื้นแขนยาว,Shirts,Fixed,,495.0,495.0,,,,1,134090_0_L,,,,,,,13,,,,,,
134090_0_XL,,134090_0_XL เชิ้ตผู้หญิงผ้าพื้นแขนยาว,Shirts,Fixed,,495.0,495.0,,,,1,134090_0_XL,,,,,,,12,,,,,,
134090_0_2XL,,134090_0_2XL เชิ้ตผู้หญิงผ้าพื้นแขนยาว,Shirts,Fixed,,495.0,495.0,,,,1,134090_0_2XL,,,,,,,5,,,,,,
134090_0_3XL,,134090_0_3XL เชิ้ตผู้หญิงผ้าพื้นแขนยาว,Shirts,Fixed,,545.0,545.0,,,,1,134090_0_3XL,,,,,,,2,,,,,,
134105_2_SS,,134105_2_SS เชิ้ตผู้หญิงผ้าพื้นแขนยาว,Shirts,Fixed,,525.0,525.0,,,,1,134105_2_SS,,,,,,,0,,,,,,
134105_2_S,,134105_2_S เชิ้ตผู้หญิงผ้าพื้นแขนยาว,Shirts,Fixed,,525.0,525.0,,,,1,134105_2_S,,,,,,,0,,,,,,
134105_2_M,,134105_2_M เชิ้ตผู้หญิงผ้าพื้นแขนยาว,Shirts,Fixed,,525.0,525.0,,,,1,134105_2_M,,,,,,,0,,,,,,
134105_2_L,,134105_2_L เชิ้ตผู้หญิงผ้าพื้นแขนยาว,Shirts,Fixed,,525.0,525.0,,,,1,134105_2_L,,,,,,,0,,,,,,
134105_2_XL,,134105_2_XL เชิ้ตผู้หญิงผ้าพื้นแขนยาว,Shirts,Fixed,,525.0,525.0,,,,1,134105_2_XL,,,,,,,14,,,,,,
134105_2_2XL,,134105_2_2XL เชิ้ตผู้หญิงผ้าพื้นแขนยาว,Shirts,Fixed,,525.0,525.0,,,,1,134105_2_2XL,,,,,,,12,,,,,,
134105_2_3XL,,134105_2_3XL เชิ้ตผู้หญิงผ้าพื้นแขนยาว,Shirts,Fixed,,565.0,565.0,,,,1,134105_2_3XL,,,,,,,3,,,,,,
134134_0_SS,,134134_0_SS เชิ้ตผู้หญิงผ้าพื้นแขนยาว,Shirts,Fixed,,525.0,525.0,,,,1,134134_0_SS,,,,,,,0,,,,,,
134134_0_S,,134134_0_S เชิ้ตผู้หญิงผ้าพื้นแขนยาว,Shirts,Fixed,,525.0,525.0,,,,1,134134_0_S,,,,,,,0,,,,,,
134134_0_M,,134134_0_M เชิ้ตผู้หญิงผ้าพื้นแขนยาว,Shirts,Fixed,,525.0,525.0,,,,1,134134_0_M,,,,,,,0,,,,,,
134134_0_L,,134134_0_L เชิ้ตผู้หญิงผ้าพื้นแขนยาว,Shirts,Fixed,,525.0,525.0,,,,1,134134_0_L,,,,,,,17,,,,,,
134134_0_XL,,134134_0_XL เชิ้ตผู้หญิงผ้าพื้นแขนยาว,Shirts,Fixed,,525.0,525.0,,,,1,134134_0_XL,,,,,,,14,,,,,,
134134_0_2XL,,134134_0_2XL เชิ้ตผู้หญิงผ้าพื้นแขนยาว,Shirts,Fixed,,525.0,525.0,,,,1,134134_0_2XL,,,,,,,12,,,,,,
134134_0_3XL,,134134_0_3XL เชิ้ตผู้หญิงผ้าพื้นแขนยาว,Shirts,Fixed,,565.0,565.0,,,,1,134134_0_3XL,,,,,,,3,,,,,,
134134E_0_SS,,134134E_0_SS เชิ้ตผู้หญิงผ้าพื้นแขนยาว,Shirts,Fixed,,525.0,525.0,,,,1,134134E_0_SS,,,,,,,0,,,,,,
134134E_0_S,,134134E_0_S เชิ้ตผู้หญิงผ้าพื้นแขนยาว,Shirts,Fixed,,525.0,525.0,,,,1,134134E_0_S,,,,,,,0,,,,,,
134134E_0_M,,134134E_0_M เชิ้ตผู้หญิงผ้าพื้นแขนยาว,Shirts,Fixed,,525.0,525.0,,,,1,134134E_0_M,,,,,,,0,,,,,,
134134E_0_L,,134134E_0_L เชิ้ตผู้หญิงผ้าพื้นแขนยาว,Shirts,Fixed,,525.0,525.0,,,,1,134134E_0_L,,,,,,,7,,,,,,
134134E_0_XL,,134134E_0_XL เชิ้ตผู้หญิงผ้าพื้นแขนยาว,Shirts,Fixed,,525.0,525.0,,,,1,134134E_0_XL,,,,,,,2,,,,,,
134134E_0_2XL,,134134E_0_2XL เชิ้ตผู้หญิงผ้าพื้นแขนยาว,Shirts,Fixed,,525.0,525.0,,,,1,134134E_0_2XL,,,,,,,3,,,,,,
134134E_0_3XL,,134134E_0_3XL เชิ้ตผู้หญิงผ้าพื้นแขนยาว,Shirts,Fixed,,565.0,565.0,,,,1,134134E_0_3XL,,,,,,,1,,,,,,
134139_23_SS,,134139_23_SS เชิ้ตผู้หญิงผ้าพื้นแขนยาว,Shirts,Fixed,,399.0,399.0,,,,1,134139_23_SS,,,,,,,0,,,,,,
134139_23_S,,134139_23_S เชิ้ตผู้หญิงผ้าพื้นแขนยาว,Shirts,Fixed,,399.0,399.0,,,,1,134139_23_S,,,,,,,25,,,,,,
134139_23_M,,134139_23_M เชิ้ตผู้หญิงผ้าพื้นแขนยาว,Shirts,Fixed,,399.0,399.0,,,,1,134139_23_M,,,,,,,35,,,,,,
134139_23_L,,134139_23_L เชิ้ตผู้หญิงผ้าพื้นแขนยาว,Shirts,Fixed,,399.0,399.0,,,,1,134139_23_L,,,,,,,13,,,,,,
134139_23_XL,,134139_23_XL เชิ้ตผู้หญิงผ้าพื้นแขนยาว,Shirts,Fixed,,399.0,399.0,,,,1,134139_23_XL,,,,,,,14,,,,,,
134139_23_2XL,,134139_23_2XL เชิ้ตผู้หญิงผ้าพื้นแขนยาว,Shirts,Fixed,,399.0,399.0,,,,1,134139_23_2XL,,,,,,,6,,,,,,
134139_23_3XL,,134139_23_3XL เชิ้ตผู้หญิงผ้าพื้นแขนยาว,Shirts,Fixed,,565.0,565.0,,,,1,134139_23_3XL,,,,,,,0,,,,,,
134153_0_SS,,134153_0_SS เชิ้ตผู้หญิงผ้าพื้นแขนยาว,Shirts,Fixed,,495.0,495.0,,,,1,134153_0_SS,,,,,,,0,,,,,,
134153_0_S,,134153_0_S เชิ้ตผู้หญิงผ้าพื้นแขนยาว,Shirts,Fixed,,495.0,495.0,,,,1,134153_0_S,,,,,,,14,,,,,,
134153_0_M,,134153_0_M เชิ้ตผู้หญิงผ้าพื้นแขนยาว,Shirts,Fixed,,495.0,495.0,,,,1,134153_0_M,,,,,,,22,,,,,,
134153_0_L,,134153_0_L เชิ้ตผู้หญิงผ้าพื้นแขนยาว,Shirts,Fixed,,495.0,495.0,,,,1,134153_0_L,,,,,,,10,,,,,,
134153_0_XL,,134153_0_XL เชิ้ตผู้หญิงผ้าพื้นแขนยาว,Shirts,Fixed,,495.0,495.0,,,,1,134153_0_XL,,,,,,,15,,,,,,
134153_0_2XL,,134153_0_2XL เชิ้ตผู้หญิงผ้าพื้นแขนยาว,Shirts,Fixed,,495.0,495.0,,,,1,134153_0_2XL,,,,,,,7,,,,,,
134153_0_3XL,,134153_0_3XL เชิ้ตผู้หญิงผ้าพื้นแขนยาว,Shirts,Fixed,,545.0,545.0,,,,1,134153_0_3XL,,,,,,,8,,,,,,
134153_1_SS,,134153_1_SS เชิ้ตผู้หญิงผ้าพื้นแขนยาว,Shirts,Fixed,,495.0,495.0,,,,1,134153_1_SS,,,,,,,0,,,,,,
134153_1_S,,134153_1_S เชิ้ตผู้หญิงผ้าพื้นแขนยาว,Shirts,Fixed,,495.0,495.0,,,,1,134153_1_S,,,,,,,9,,,,,,
134153_1_M,,134153_1_M เชิ้ตผู้หญิงผ้าพื้นแขนยาว,Shirts,Fixed,,495.0,495.0,,,,1,134153_1_M,,,,,,,41,,,,,,
134153_1_L,,134153_1_L เชิ้ตผู้หญิงผ้าพื้นแขนยาว,Shirts,Fixed,,495.0,495.0,,,,1,134153_1_L,,,,,,,29,,,,,,
134153_1_XL,,134153_1_XL เชิ้ตผู้หญิงผ้าพื้นแขนยาว,Shirts,Fixed,,495.0,495.0,,,,1,134153_1_XL,,,,,,,21,,,,,,
134153_1_2XL,,134153_1_2XL เชิ้ตผู้หญิงผ้าพื้นแขนยาว,Shirts,Fixed,,495.0,495.0,,,,1,134153_1_2XL,,,,,,,11,,,,,,
134153_1_3XL,,134153_1_3XL เชิ้ตผู้หญิงผ้าพื้นแขนยาว,Shirts,Fixed,,545.0,545.0,,,,1,134153_1_3XL,,,,,,,7,,,,,,
134153_2_SS,,134153_2_SS เชิ้ตผู้หญิงผ้าพื้นแขนยาว,Shirts,Fixed,,495.0,495.0,,,,1,134153_2_SS,,,,,,,0,,,,,,
134153_2_S,,134153_2_S เชิ้ตผู้หญิงผ้าพื้นแขนยาว,Shirts,Fixed,,495.0,495.0,,,,1,134153_2_S,,,,,,,26,,,,,,
134153_2_M,,134153_2_M เชิ้ตผู้หญิงผ้าพื้นแขนยาว,Shirts,Fixed,,495.0,495.0,,,,1,134153_2_M,,,,,,,39,,,,,,
134153_2_L,,134153_2_L เชิ้ตผู้หญิงผ้าพื้นแขนยาว,Shirts,Fixed,,495.0,495.0,,,,1,134153_2_L,,,,,,,14,,,,,,
134153_2_XL,,134153_2_XL เชิ้ตผู้หญิงผ้าพื้นแขนยาว,Shirts,Fixed,,495.0,495.0,,,,1,134153_2_XL,,,,,,,21,,,,,,
134153_2_2XL,,134153_2_2XL เชิ้ตผู้หญิงผ้าพื้นแขนยาว,Shirts,Fixed,,495.0,495.0,,,,1,134153_2_2XL,,,,,,,18,,,,,,
134153_2_3XL,,134153_2_3XL เชิ้ตผู้หญิงผ้าพื้นแขนยาว,Shirts,Fixed,,545.0,545.0,,,,1,134153_2_3XL,,,,,,,13,,,,,,
134153_6_SS,,134153_6_SS เชิ้ตผู้หญิงผ้าพื้นแขนยาว,Shirts,Fixed,,495.0,495.0,,,,1,134153_6_SS,,,,,,,0,,,,,,
134153_6_S,,134153_6_S เชิ้ตผู้หญิงผ้าพื้นแขนยาว,Shirts,Fixed,,495.0,495.0,,,,1,134153_6_S,,,,,,,26,,,,,,
134153_6_M,,134153_6_M เชิ้ตผู้หญิงผ้าพื้นแขนยาว,Shirts,Fixed,,495.0,495.0,,,,1,134153_6_M,,,,,,,26,,,,,,
134153_6_L,,134153_6_L เชิ้ตผู้หญิงผ้าพื้นแขนยาว,Shirts,Fixed,,495.0,495.0,,,,1,134153_6_L,,,,,,,29,,,,,,
134153_6_XL,,134153_6_XL เชิ้ตผู้หญิงผ้าพื้นแขนยาว,Shirts,Fixed,,495.0,495.0,,,,1,134153_6_XL,,,,,,,23,,,,,,
134153_6_2XL,,134153_6_2XL เชิ้ตผู้หญิงผ้าพื้นแขนยาว,Shirts,Fixed,,495.0,495.0,,,,1,134153_6_2XL,,,,,,,11,,,,,,
134153_6_3XL,,134153_6_3XL เชิ้ตผู้หญิงผ้าพื้นแขนยาว,Shirts,Fixed,,545.0,545.0,,,,1,134153_6_3XL,,,,,,,5,,,,,,
134153_11_SS,,134153_11_SS เชิ้ตผู้หญิงผ้าพื้นแขนยาว,Shirts,Fixed,,495.0,495.0,,,,1,134153_11_SS,,,,,,,0,,,,,,
134153_11_S,,134153_11_S เชิ้ตผู้หญิงผ้าพื้นแขนยาว,Shirts,Fixed,,495.0,495.0,,,,1,134153_11_S,,,,,,,10,,,,,,
134153_11_M,,134153_11_M เชิ้ตผู้หญิงผ้าพื้นแขนยาว,Shirts,Fixed,,495.0,495.0,,,,1,134153_11_M,,,,,,,32,,,,,,
134153_11_L,,134153_11_L เชิ้ตผู้หญิงผ้าพื้นแขนยาว,Shirts,Fixed,,495.0,495.0,,,,1,134153_11_L,,,,,,,31,,,,,,
134153_11_XL,,134153_11_XL เชิ้ตผู้หญิงผ้าพื้นแขนยาว,Shirts,Fixed,,495.0,495.0,,,,1,134153_11_XL,,,,,,,6,,,,,,
134153_11_2XL,,134153_11_2XL เชิ้ตผู้หญิงผ้าพื้นแขนยาว,Shirts,Fixed,,495.0,495.0,,,,1,134153_11_2XL,,,,,,,8,,,,,,
134153_11_3XL,,134153_11_3XL เชิ้ตผู้หญิงผ้าพื้นแขนยาว,Shirts,Fixed,,545.0,545.0,,,,1,134153_11_3XL,,,,,,,8,,,,,,
134153_23_SS,,134153_23_SS เชิ้ตผู้หญิงผ้าพื้นแขนยาว,Shirts,Fixed,,495.0,495.0,,,,1,134153_23_SS,,,,,,,0,,,,,,
134153_23_S,,134153_23_S เชิ้ตผู้หญิงผ้าพื้นแขนยาว,Shirts,Fixed,,495.0,495.0,,,,1,134153_23_S,,,,,,,27,,,,,,
134153_23_M,,134153_23_M เชิ้ตผู้หญิงผ้าพื้นแขนยาว,Shirts,Fixed,,495.0,495.0,,,,1,134153_23_M,,,,,,,35,,,,,,
134153_23_L,,134153_23_L เชิ้ตผู้หญิงผ้าพื้นแขนยาว,Shirts,Fixed,,495.0,495.0,,,,1,134153_23_L,,,,,,,35,,,,,,
134153_23_XL,,134153_23_XL เชิ้ตผู้หญิงผ้าพื้นแขนยาว,Shirts,Fixed,,495.0,495.0,,,,1,134153_23_XL,,,,,,,29,,,,,,
134153_23_2XL,,134153_23_2XL เชิ้ตผู้หญิงผ้าพื้นแขนยาว,Shirts,Fixed,,495.0,495.0,,,,1,134153_23_2XL,,,,,,,14,,,,,,
134153_23_3XL,,134153_23_3XL เชิ้ตผู้หญิงผ้าพื้นแขนยาว,Shirts,Fixed,,545.0,545.0,,,,1,134153_23_3XL,,,,,,,8,,,,,,
134153E_0_SS,,134153E_0_SS เชิ้ตผู้หญิงผ้าพื้นแขนยาว,Shirts,Fixed,,495.0,495.0,,,,1,134153E_0_SS,,,,,,,0,,,,,,
134153E_0_S,,134153E_0_S เชิ้ตผู้หญิงผ้าพื้นแขนยาว,Shirts,Fixed,,495.0,495.0,,,,1,134153E_0_S,,,,,,,3,,,,,,
134153E_0_M,,134153E_0_M เชิ้ตผู้หญิงผ้าพื้นแขนยาว,Shirts,Fixed,,495.0,495.0,,,,1,134153E_0_M,,,,,,,9,,,,,,
134153E_0_L,,134153E_0_L เชิ้ตผู้หญิงผ้าพื้นแขนยาว,Shirts,Fixed,,495.0,495.0,,,,1,134153E_0_L,,,,,,,11,,,,,,
134153E_0_XL,,134153E_0_XL เชิ้ตผู้หญิงผ้าพื้นแขนยาว,Shirts,Fixed,,495.0,495.0,,,,1,134153E_0_XL,,,,,,,0,,,,,,
134153E_0_2XL,,134153E_0_2XL เชิ้ตผู้หญิงผ้าพื้นแขนยาว,Shirts,Fixed,,495.0,495.0,,,,1,134153E_0_2XL,,,,,,,2,,,,,,
134153E_0_3XL,,134153E_0_3XL เชิ้ตผู้หญิงผ้าพื้นแขนยาว,Shirts,Fixed,,545.0,545.0,,,,1,134153E_0_3XL,,,,,,,1,,,,,,
134153E_1_SS,,134153E_1_SS เชิ้ตผู้หญิงผ้าพื้นแขนยาว,Shirts,Fixed,,495.0,495.0,,,,1,134153E_1_SS,,,,,,,0,,,,,,
134153E_1_S,,134153E_1_S เชิ้ตผู้หญิงผ้าพื้นแขนยาว,Shirts,Fixed,,495.0,495.0,,,,1,134153E_1_S,,,,,,,5,,,,,,
134153E_1_M,,134153E_1_M เชิ้ตผู้หญิงผ้าพื้นแขนยาว,Shirts,Fixed,,495.0,495.0,,,,1,134153E_1_M,,,,,,,12,,,,,,
134153E_1_L,,134153E_1_L เชิ้ตผู้หญิงผ้าพื้นแขนยาว,Shirts,Fixed,,495.0,495.0,,,,1,134153E_1_L,,,,,,,10,,,,,,
134153E_1_XL,,134153E_1_XL เชิ้ตผู้หญิงผ้าพื้นแขนยาว,Shirts,Fixed,,495.0,495.0,,,,1,134153E_1_XL,,,,,,,2,,,,,,
134153E_1_2XL,,134153E_1_2XL เชิ้ตผู้หญิงผ้าพื้นแขนยาว,Shirts,Fixed,,495.0,495.0,,,,1,134153E_1_2XL,,,,,,,4,,,,,,
134153E_1_3XL,,134153E_1_3XL เชิ้ตผู้หญิงผ้าพื้นแขนยาว,Shirts,Fixed,,545.0,545.0,,,,1,134153E_1_3XL,,,,,,,0,,,,,,
134153E_2_SS,,134153E_2_SS เชิ้ตผู้หญิงผ้าพื้นแขนยาว,Shirts,Fixed,,495.0,495.0,,,,1,134153E_2_SS,,,,,,,0,,,,,,
134153E_2_S,,134153E_2_S เชิ้ตผู้หญิงผ้าพื้นแขนยาว,Shirts,Fixed,,495.0,495.0,,,,1,134153E_2_S,,,,,,,3,,,,,,
134153E_2_M,,134153E_2_M เชิ้ตผู้หญิงผ้าพื้นแขนยาว,Shirts,Fixed,,495.0,495.0,,,,1,134153E_2_M,,,,,,,3,,,,,,
134153E_2_L,,134153E_2_L เชิ้ตผู้หญิงผ้าพื้นแขนยาว,Shirts,Fixed,,495.0,495.0,,,,1,134153E_2_L,,,,,,,0,,,,,,
134153E_2_XL,,134153E_2_XL เชิ้ตผู้หญิงผ้าพื้นแขนยาว,Shirts,Fixed,,495.0,495.0,,,,1,134153E_2_XL,,,,,,,2,,,,,,
134153E_2_2XL,,134153E_2_2XL เชิ้ตผู้หญิงผ้าพื้นแขนยาว,Shirts,Fixed,,495.0,495.0,,,,1,134153E_2_2XL,,,,,,,3,,,,,,
134153E_2_3XL,,134153E_2_3XL เชิ้ตผู้หญิงผ้าพื้นแขนยาว,Shirts,Fixed,,545.0,545.0,,,,1,134153E_2_3XL,,,,,,,0,,,,,,
134153E_6_SS,,134153E_6_SS เชิ้ตผู้หญิงผ้าพื้นแขนยาว,Shirts,Fixed,,495.0,495.0,,,,1,134153E_6_SS,,,,,,,0,,,,,,
134153E_6_S,,134153E_6_S เชิ้ตผู้หญิงผ้าพื้นแขนยาว,Shirts,Fixed,,495.0,495.0,,,,1,134153E_6_S,,,,,,,3,,,,,,
134153E_6_M,,134153E_6_M เชิ้ตผู้หญิงผ้าพื้นแขนยาว,Shirts,Fixed,,495.0,495.0,,,,1,134153E_6_M,,,,,,,11,,,,,,
134153E_6_L,,134153E_6_L เชิ้ตผู้หญิงผ้าพื้นแขนยาว,Shirts,Fixed,,495.0,495.0,,,,1,134153E_6_L,,,,,,,10,,,,,,
134153E_6_XL,,134153E_6_XL เชิ้ตผู้หญิงผ้าพื้นแขนยาว,Shirts,Fixed,,495.0,495.0,,,,1,134153E_6_XL,,,,,,,3,,,,,,
134153E_6_2XL,,134153E_6_2XL เชิ้ตผู้หญิงผ้าพื้นแขนยาว,Shirts,Fixed,,495.0,495.0,,,,1,134153E_6_2XL,,,,,,,4,,,,,,
134153E_6_3XL,,134153E_6_3XL เชิ้ตผู้หญิงผ้าพื้นแขนยาว,Shirts,Fixed,,545.0,545.0,,,,1,134153E_6_3XL,,,,,,,0,,,,,,
134153E_23_SS,,134153E_23_SS เชิ้ตผู้หญิงผ้าพื้นแขนยาว,Shirts,Fixed,,495.0,495.0,,,,1,134153E_23_SS,,,,,,,0,,,,,,
134153E_23_S,,134153E_23_S เชิ้ตผู้หญิงผ้าพื้นแขนยาว,Shirts,Fixed,,495.0,495.0,,,,1,134153E_23_S,,,,,,,9,,,,,,
134153E_23_M,,134153E_23_M เชิ้ตผู้หญิงผ้าพื้นแขนยาว,Shirts,Fixed,,495.0,495.0,,,,1,134153E_23_M,,,,,,,14,,,,,,
134153E_23_L,,134153E_23_L เชิ้ตผู้หญิงผ้าพื้นแขนยาว,Shirts,Fixed,,495.0,495.0,,,,1,134153E_23_L,,,,,,,18,,,,,,
134153E_23_XL,,134153E_23_XL เชิ้ตผู้หญิงผ้าพื้นแขนยาว,Shirts,Fixed,,495.0,495.0,,,,1,134153E_23_XL,,,,,,,4,,,,,,
134153E_23_2XL,,134153E_23_2XL เชิ้ตผู้หญิงผ้าพื้นแขนยาว,Shirts,Fixed,,495.0,495.0,,,,1,134153E_23_2XL,,,,,,,0,,,,,,
134153E_23_3XL,,134153E_23_3XL เชิ้ตผู้หญิงผ้าพื้นแขนยาว,Shirts,Fixed,,545.0,545.0,,,,1,134153E_23_3XL,,,,,,,2,,,,,,
134465_4_SS,,134465_4_SS เชิ้ตผู้หญิงผ้าพื้นแขนยาว,Shirts,Fixed,,495.0,495.0,,,,1,134465_4_SS,,,,,,,0,,,,,,
134465_4_S,,134465_4_S เชิ้ตผู้หญิงผ้าพื้นแขนยาว,Shirts,Fixed,,495.0,495.0,,,,1,134465_4_S,,,,,,,23,,,,,,
134465_4_M,,134465_4_M เชิ้ตผู้หญิงผ้าพื้นแขนยาว,Shirts,Fixed,,495.0,495.0,,,,1,134465_4_M,,,,,,,39,,,,,,
134465_4_L,,134465_4_L เชิ้ตผู้หญิงผ้าพื้นแขนยาว,Shirts,Fixed,,495.0,495.0,,,,1,134465_4_L,,,,,,,30,,,,,,
134465_4_XL,,134465_4_XL เชิ้ตผู้หญิงผ้าพื้นแขนยาว,Shirts,Fixed,,495.0,495.0,,,,1,134465_4_XL,,,,,,,10,,,,,,
134465_4_2XL,,134465_4_2XL เชิ้ตผู้หญิงผ้าพื้นแขนยาว,Shirts,Fixed,,495.0,495.0,,,,1,134465_4_2XL,,,,,,,8,,,,,,
134465_4_3XL,,134465_4_3XL เชิ้ตผู้หญิงผ้าพื้นแขนยาว,Shirts,Fixed,,545.0,545.0,,,,1,134465_4_3XL,,,,,,,0,,,,,,
134465_5_SS,,134465_5_SS เชิ้ตผู้หญิงผ้าพื้นแขนยาว,Shirts,Fixed,,495.0,495.0,,,,1,134465_5_SS,,,,,,,0,,,,,,
134465_5_S,,134465_5_S เชิ้ตผู้หญิงผ้าพื้นแขนยาว,Shirts,Fixed,,495.0,495.0,,,,1,134465_5_S,,,,,,,16,,,,,,
134465_5_M,,134465_5_M เชิ้ตผู้หญิงผ้าพื้นแขนยาว,Shirts,Fixed,,495.0,495.0,,,,1,134465_5_M,,,,,,,13,,,,,,
134465_5_L,,134465_5_L เชิ้ตผู้หญิงผ้าพื้นแขนยาว,Shirts,Fixed,,495.0,495.0,,,,1,134465_5_L,,,,,,,18,,,,,,
134465_5_XL,,134465_5_XL เชิ้ตผู้หญิงผ้าพื้นแขนยาว,Shirts,Fixed,,495.0,495.0,,,,1,134465_5_XL,,,,,,,25,,,,,,
134465_5_2XL,,134465_5_2XL เชิ้ตผู้หญิงผ้าพื้นแขนยาว,Shirts,Fixed,,495.0,495.0,,,,1,134465_5_2XL,,,,,,,9,,,,,,
134465_5_3XL,,134465_5_3XL เชิ้ตผู้หญิงผ้าพื้นแขนยาว,Shirts,Fixed,,545.0,545.0,,,,1,134465_5_3XL,,,,,,,4,,,,,,
134465_16_SS,,134465_16_SS เชิ้ตผู้หญิงผ้าพื้นแขนยาว,Shirts,Fixed,,495.0,495.0,,,,1,134465_16_SS,,,,,,,0,,,,,,
134465_16_S,,134465_16_S เชิ้ตผู้หญิงผ้าพื้นแขนยาว,Shirts,Fixed,,495.0,495.0,,,,1,134465_16_S,,,,,,,15,,,,,,
134465_16_M,,134465_16_M เชิ้ตผู้หญิงผ้าพื้นแขนยาว,Shirts,Fixed,,495.0,495.0,,,,1,134465_16_M,,,,,,,35,,,,,,
134465_16_L,,134465_16_L เชิ้ตผู้หญิงผ้าพื้นแขนยาว,Shirts,Fixed,,495.0,495.0,,,,1,134465_16_L,,,,,,,33,,,,,,
134465_16_XL,,134465_16_XL เชิ้ตผู้หญิงผ้าพื้นแขนยาว,Shirts,Fixed,,495.0,495.0,,,,1,134465_16_XL,,,,,,,4,,,,,,
134465_16_2XL,,134465_16_2XL เชิ้ตผู้หญิงผ้าพื้นแขนยาว,Shirts,Fixed,,495.0,495.0,,,,1,134465_16_2XL,,,,,,,3,,,,,,
134465_16_3XL,,134465_16_3XL เชิ้ตผู้หญิงผ้าพื้นแขนยาว,Shirts,Fixed,,545.0,545.0,,,,1,134465_16_3XL,,,,,,,0,,,,,,
134497_2_SS,,134497_2_SS เชิ้ตผู้หญิงผ้าพื้นแขนยาว,Shirts,Fixed,,495.0,495.0,,,,1,134497_2_SS,,,,,,,0,,,,,,
134497_2_S,,134497_2_S เชิ้ตผู้หญิงผ้าพื้นแขนยาว,Shirts,Fixed,,495.0,495.0,,,,1,134497_2_S,,,,,,,29,,,,,,
134497_2_M,,134497_2_M เชิ้ตผู้หญิงผ้าพื้นแขนยาว,Shirts,Fixed,,495.0,495.0,,,,1,134497_2_M,,,,,,,47,,,,,,
134497_2_L,,134497_2_L เชิ้ตผู้หญิงผ้าพื้นแขนยาว,Shirts,Fixed,,495.0,495.0,,,,1,134497_2_L,,,,,,,38,,,,,,
134497_2_XL,,134497_2_XL เชิ้ตผู้หญิงผ้าพื้นแขนยาว,Shirts,Fixed,,495.0,495.0,,,,1,134497_2_XL,,,,,,,20,,,,,,
134497_2_2XL,,134497_2_2XL เชิ้ตผู้หญิงผ้าพื้นแขนยาว,Shirts,Fixed,,495.0,495.0,,,,1,134497_2_2XL,,,,,,,18,,,,,,
134497_2_3XL,,134497_2_3XL เชิ้ตผู้หญิงผ้าพื้นแขนยาว,Shirts,Fixed,,545.0,545.0,,,,1,134497_2_3XL,,,,,,,9,,,,,,
134497_4_SS,,134497_4_SS เชิ้ตผู้หญิงผ้าพื้นแขนยาว,Shirts,Fixed,,495.0,495.0,,,,1,134497_4_SS,,,,,,,0,,,,,,
134497_4_S,,134497_4_S เชิ้ตผู้หญิงผ้าพื้นแขนยาว,Shirts,Fixed,,495.0,495.0,,,,1,134497_4_S,,,,,,,32,,,,,,
134497_4_M,,134497_4_M เชิ้ตผู้หญิงผ้าพื้นแขนยาว,Shirts,Fixed,,495.0,495.0,,,,1,134497_4_M,,,,,,,48,,,,,,
134497_4_L,,134497_4_L เชิ้ตผู้หญิงผ้าพื้นแขนยาว,Shirts,Fixed,,495.0,495.0,,,,1,134497_4_L,,,,,,,35,,,,,,
134497_4_XL,,134497_4_XL เชิ้ตผู้หญิงผ้าพื้นแขนยาว,Shirts,Fixed,,495.0,495.0,,,,1,134497_4_XL,,,,,,,27,,,,,,
134497_4_2XL,,134497_4_2XL เชิ้ตผู้หญิงผ้าพื้นแขนยาว,Shirts,Fixed,,495.0,495.0,,,,1,134497_4_2XL,,,,,,,16,,,,,,
134497_4_3XL,,134497_4_3XL เชิ้ตผู้หญิงผ้าพื้นแขนยาว,Shirts,Fixed,,545.0,545.0,,,,1,134497_4_3XL,,,,,,,9,,,,,,
134497_6_SS,,134497_6_SS เชิ้ตผู้หญิงผ้าพื้นแขนยาว,Shirts,Fixed,,495.0,495.0,,,,1,134497_6_SS,,,,,,,0,,,,,,
134497_6_S,,134497_6_S เชิ้ตผู้หญิงผ้าพื้นแขนยาว,Shirts,Fixed,,495.0,495.0,,,,1,134497_6_S,,,,,,,21,,,,,,
134497_6_M,,134497_6_M เชิ้ตผู้หญิงผ้าพื้นแขนยาว,Shirts,Fixed,,495.0,495.0,,,,1,134497_6_M,,,,,,,32,,,,,,
134497_6_L,,134497_6_L เชิ้ตผู้หญิงผ้าพื้นแขนยาว,Shirts,Fixed,,495.0,495.0,,,,1,134497_6_L,,,,,,,23,,,,,,
134497_6_XL,,134497_6_XL เชิ้ตผู้หญิงผ้าพื้นแขนยาว,Shirts,Fixed,,495.0,495.0,,,,1,134497_6_XL,,,,,,,18,,,,,,
134497_6_2XL,,134497_6_2XL เชิ้ตผู้หญิงผ้าพื้นแขนยาว,Shirts,Fixed,,495.0,495.0,,,,1,134497_6_2XL,,,,,,,11,,,,,,
134497_6_3XL,,134497_6_3XL เชิ้ตผู้หญิงผ้าพื้นแขนยาว,Shirts,Fixed,,545.0,545.0,,,,1,134497_6_3XL,,,,,,,7,,,,,,
134497_8_SS,,134497_8_SS เชิ้ตผู้หญิงผ้าพื้นแขนยาว,Shirts,Fixed,,495.0,495.0,,,,1,134497_8_SS,,,,,,,0,,,,,,
134497_8_S,,134497_8_S เชิ้ตผู้หญิงผ้าพื้นแขนยาว,Shirts,Fixed,,495.0,495.0,,,,1,134497_8_S,,,,,,,31,,,,,,
134497_8_M,,134497_8_M เชิ้ตผู้หญิงผ้าพื้นแขนยาว,Shirts,Fixed,,495.0,495.0,,,,1,134497_8_M,,,,,,,47,,,,,,
134497_8_L,,134497_8_L เชิ้ตผู้หญิงผ้าพื้นแขนยาว,Shirts,Fixed,,495.0,495.0,,,,1,134497_8_L,,,,,,,34,,,,,,
134497_8_XL,,134497_8_XL เชิ้ตผู้หญิงผ้าพื้นแขนยาว,Shirts,Fixed,,495.0,495.0,,,,1,134497_8_XL,,,,,,,23,,,,,,
134497_8_2XL,,134497_8_2XL เชิ้ตผู้หญิงผ้าพื้นแขนยาว,Shirts,Fixed,,495.0,495.0,,,,1,134497_8_2XL,,,,,,,14,,,,,,
134497_8_3XL,,134497_8_3XL เชิ้ตผู้หญิงผ้าพื้นแขนยาว,Shirts,Fixed,,545.0,545.0,,,,1,134497_8_3XL,,,,,,,6,,,,,,
134497_9_SS,,134497_9_SS เชิ้ตผู้หญิงผ้าพื้นแขนยาว,Shirts,Fixed,,495.0,495.0,,,,1,134497_9_SS,,,,,,,0,,,,,,
134497_9_S,,134497_9_S เชิ้ตผู้หญิงผ้าพื้นแขนยาว,Shirts,Fixed,,495.0,495.0,,,,1,134497_9_S,,,,,,,31,,,,,,
134497_9_M,,134497_9_M เชิ้ตผู้หญิงผ้าพื้นแขนยาว,Shirts,Fixed,,495.0,495.0,,,,1,134497_9_M,,,,,,,48,,,,,,
134497_9_L,,134497_9_L เชิ้ตผู้หญิงผ้าพื้นแขนยาว,Shirts,Fixed,,495.0,495.0,,,,1,134497_9_L,,,,,,,31,,,,,,
134497_9_XL,,134497_9_XL เชิ้ตผู้หญิงผ้าพื้นแขนยาว,Shirts,Fixed,,495.0,495.0,,,,1,134497_9_XL,,,,,,,17,,,,,,
134497_9_2XL,,134497_9_2XL เชิ้ตผู้หญิงผ้าพื้นแขนยาว,Shirts,Fixed,,495.0,495.0,,,,1,134497_9_2XL,,,,,,,10,,,,,,
134497_9_3XL,,134497_9_3XL เชิ้ตผู้หญิงผ้าพื้นแขนยาว,Shirts,Fixed,,545.0,545.0,,,,1,134497_9_3XL,,,,,,,1,,,,,,
134497_14_SS,,134497_14_SS เชิ้ตผู้หญิงผ้าพื้นแขนยาว,Shirts,Fixed,,495.0,495.0,,,,1,134497_14_SS,,,,,,,0,,,,,,
134497_14_S,,134497_14_S เชิ้ตผู้หญิงผ้าพื้นแขนยาว,Shirts,Fixed,,495.0,495.0,,,,1,134497_14_S,,,,,,,23,,,,,,
134497_14_M,,134497_14_M เชิ้ตผู้หญิงผ้าพื้นแขนยาว,Shirts,Fixed,,495.0,495.0,,,,1,134497_14_M,,,,,,,50,,,,,,
134497_14_L,,134497_14_L เชิ้ตผู้หญิงผ้าพื้นแขนยาว,Shirts,Fixed,,495.0,495.0,,,,1,134497_14_L,,,,,,,27,,,,,,
134497_14_XL,,134497_14_XL เชิ้ตผู้หญิงผ้าพื้นแขนยาว,Shirts,Fixed,,495.0,495.0,,,,1,134497_14_XL,,,,,,,26,,,,,,
134497_14_2XL,,134497_14_2XL เชิ้ตผู้หญิงผ้าพื้นแขนยาว,Shirts,Fixed,,495.0,495.0,,,,1,134497_14_2XL,,,,,,,19,,,,,,
134497_14_3XL,,134497_14_3XL เชิ้ตผู้หญิงผ้าพื้นแขนยาว,Shirts,Fixed,,545.0,545.0,,,,1,134497_14_3XL,,,,,,,7,,,,,,
134497_19_SS,,134497_19_SS เชิ้ตผู้หญิงผ้าพื้นแขนยาว,Shirts,Fixed,,495.0,495.0,,,,1,134497_19_SS,,,,,,,0,,,,,,
134497_19_S,,134497_19_S เชิ้ตผู้หญิงผ้าพื้นแขนยาว,Shirts,Fixed,,495.0,495.0,,,,1,134497_19_S,,,,,,,13,,,,,,
134497_19_M,,134497_19_M เชิ้ตผู้หญิงผ้าพื้นแขนยาว,Shirts,Fixed,,495.0,495.0,,,,1,134497_19_M,,,,,,,23,,,,,,
134497_19_L,,134497_19_L เชิ้ตผู้หญิงผ้าพื้นแขนยาว,Shirts,Fixed,,495.0,495.0,,,,1,134497_19_L,,,,,,,13,,,,,,
134497_19_XL,,134497_19_XL เชิ้ตผู้หญิงผ้าพื้นแขนยาว,Shirts,Fixed,,495.0,495.0,,,,1,134497_19_XL,,,,,,,5,,,,,,
134497_19_2XL,,134497_19_2XL เชิ้ตผู้หญิงผ้าพื้นแขนยาว,Shirts,Fixed,,495.0,495.0,,,,1,134497_19_2XL,,,,,,,0,,,,,,
134497_19_3XL,,134497_19_3XL เชิ้ตผู้หญิงผ้าพื้นแขนยาว,Shirts,Fixed,,545.0,545.0,,,,1,134497_19_3XL,,,,,,,0,,,,,,
134813_0_SS,,134813_0_SS เชิ้ตผู้หญิงผ้าพื้นแขนยาว,Shirts,Fixed,,399.0,399.0,,,,1,134813_0_SS,,,,,,,0,,,,,,
134813_0_S,,134813_0_S เชิ้ตผู้หญิงผ้าพื้นแขนยาว,Shirts,Fixed,,399.0,399.0,,,,1,134813_0_S,,,,,,,22,,,,,,
134813_0_M,,134813_0_M เชิ้ตผู้หญิงผ้าพื้นแขนยาว,Shirts,Fixed,,399.0,399.0,,,,1,134813_0_M,,,,,,,55,,,,,,
134813_0_L,,134813_0_L เชิ้ตผู้หญิงผ้าพื้นแขนยาว,Shirts,Fixed,,399.0,399.0,,,,1,134813_0_L,,,,,,,61,,,,,,
134813_0_XL,,134813_0_XL เชิ้ตผู้หญิงผ้าพื้นแขนยาว,Shirts,Fixed,,399.0,399.0,,,,1,134813_0_XL,,,,,,,48,,,,,,
134813_0_2XL,,134813_0_2XL เชิ้ตผู้หญิงผ้าพื้นแขนยาว,Shirts,Fixed,,399.0,399.0,,,,1,134813_0_2XL,,,,,,,39,,,,,,
134813_0_3XL,,134813_0_3XL เชิ้ตผู้หญิงผ้าพื้นแขนยาว,Shirts,Fixed,,450.0,450.0,,,,1,134813_0_3XL,,,,,,,16,,,,,,
134813_2_SS,,134813_2_SS เชิ้ตผู้หญิงผ้าพื้นแขนยาว,Shirts,Fixed,,399.0,399.0,,,,1,134813_2_SS,,,,,,,0,,,,,,
134813_2_S,,134813_2_S เชิ้ตผู้หญิงผ้าพื้นแขนยาว,Shirts,Fixed,,399.0,399.0,,,,1,134813_2_S,,,,,,,32,,,,,,
134813_2_M,,134813_2_M เชิ้ตผู้หญิงผ้าพื้นแขนยาว,Shirts,Fixed,,399.0,399.0,,,,1,134813_2_M,,,,,,,41,,,,,,
134813_2_L,,134813_2_L เชิ้ตผู้หญิงผ้าพื้นแขนยาว,Shirts,Fixed,,399.0,399.0,,,,1,134813_2_L,,,,,,,0,,,,,,
134813_2_XL,,134813_2_XL เชิ้ตผู้หญิงผ้าพื้นแขนยาว,Shirts,Fixed,,399.0,399.0,,,,1,134813_2_XL,,,,,,,3,,,,,,
134813_2_2XL,,134813_2_2XL เชิ้ตผู้หญิงผ้าพื้นแขนยาว,Shirts,Fixed,,399.0,399.0,,,,1,134813_2_2XL,,,,,,,22,,,,,,
134813_2_3XL,,134813_2_3XL เชิ้ตผู้หญิงผ้าพื้นแขนยาว,Shirts,Fixed,,450.0,450.0,,,,1,134813_2_3XL,,,,,,,9,,,,,,
134813_3_SS,,134813_3_SS เชิ้ตผู้หญิงผ้าพื้นแขนยาว,Shirts,Fixed,,399.0,399.0,,,,1,134813_3_SS,,,,,,,0,,,,,,
134813_3_S,,134813_3_S เชิ้ตผู้หญิงผ้าพื้นแขนยาว,Shirts,Fixed,,399.0,399.0,,,,1,134813_3_S,,,,,,,20,,,,,,
134813_3_M,,134813_3_M เชิ้ตผู้หญิงผ้าพื้นแขนยาว,Shirts,Fixed,,399.0,399.0,,,,1,134813_3_M,,,,,,,41,,,,,,
134813_3_L,,134813_3_L เชิ้ตผู้หญิงผ้าพื้นแขนยาว,Shirts,Fixed,,399.0,399.0,,,,1,134813_3_L,,,,,,,20,,,,,,
134813_3_XL,,134813_3_XL เชิ้ตผู้หญิงผ้าพื้นแขนยาว,Shirts,Fixed,,399.0,399.0,,,,1,134813_3_XL,,,,,,,21,,,,,,
134813_3_2XL,,134813_3_2XL เชิ้ตผู้หญิงผ้าพื้นแขนยาว,Shirts,Fixed,,399.0,399.0,,,,1,134813_3_2XL,,,,,,,16,,,,,,
134813_3_3XL,,134813_3_3XL เชิ้ตผู้หญิงผ้าพื้นแขนยาว,Shirts,Fixed,,450.0,450.0,,,,1,134813_3_3XL,,,,,,,6,,,,,,
134813_4_SS,,134813_4_SS เชิ้ตผู้หญิงผ้าพื้นแขนยาว,Shirts,Fixed,,399.0,399.0,,,,1,134813_4_SS,,,,,,,0,,,,,,
134813_4_S,,134813_4_S เชิ้ตผู้หญิงผ้าพื้นแขนยาว,Shirts,Fixed,,399.0,399.0,,,,1,134813_4_S,,,,,,,38,,,,,,
134813_4_M,,134813_4_M เชิ้ตผู้หญิงผ้าพื้นแขนยาว,Shirts,Fixed,,399.0,399.0,,,,1,134813_4_M,,,,,,,64,,,,,,
134813_4_L,,134813_4_L เชิ้ตผู้หญิงผ้าพื้นแขนยาว,Shirts,Fixed,,399.0,399.0,,,,1,134813_4_L,,,,,,,41,,,,,,
134813_4_XL,,134813_4_XL เชิ้ตผู้หญิงผ้าพื้นแขนยาว,Shirts,Fixed,,399.0,399.0,,,,1,134813_4_XL,,,,,,,34,,,,,,
134813_4_2XL,,134813_4_2XL เชิ้ตผู้หญิงผ้าพื้นแขนยาว,Shirts,Fixed,,399.0,399.0,,,,1,134813_4_2XL,,,,,,,27,,,,,,
134813_4_3XL,,134813_4_3XL เชิ้ตผู้หญิงผ้าพื้นแขนยาว,Shirts,Fixed,,450.0,450.0,,,,1,134813_4_3XL,,,,,,,10,,,,,,
134813_5_SS,,134813_5_SS เชิ้ตผู้หญิงผ้าพื้นแขนยาว,Shirts,Fixed,,399.0,399.0,,,,1,134813_5_SS,,,,,,,0,,,,,,
134813_5_S,,134813_5_S เชิ้ตผู้หญิงผ้าพื้นแขนยาว,Shirts,Fixed,,399.0,399.0,,,,1,134813_5_S,,,,,,,0,,,,,,
134813_5_M,,134813_5_M เชิ้ตผู้หญิงผ้าพื้นแขนยาว,Shirts,Fixed,,399.0,399.0,,,,1,134813_5_M,,,,,,,21,,,,,,
134813_5_L,,134813_5_L เชิ้ตผู้หญิงผ้าพื้นแขนยาว,Shirts,Fixed,,399.0,399.0,,,,1,134813_5_L,,,,,,,5,,,,,,
134813_5_XL,,134813_5_XL เชิ้ตผู้หญิงผ้าพื้นแขนยาว,Shirts,Fixed,,399.0,399.0,,,,1,134813_5_XL,,,,,,,1,,,,,,
134813_5_2XL,,134813_5_2XL เชิ้ตผู้หญิงผ้าพื้นแขนยาว,Shirts,Fixed,,399.0,399.0,,,,1,134813_5_2XL,,,,,,,0,,,,,,
134813_5_3XL,,134813_5_3XL เชิ้ตผู้หญิงผ้าพื้นแขนยาว,Shirts,Fixed,,450.0,450.0,,,,1,134813_5_3XL,,,,,,,0,,,,,,
134813_8_SS,,134813_8_SS เชิ้ตผู้หญิงผ้าพื้นแขนยาว,Shirts,Fixed,,399.0,399.0,,,,1,134813_8_SS,,,,,,,0,,,,,,
134813_8_S,,134813_8_S เชิ้ตผู้หญิงผ้าพื้นแขนยาว,Shirts,Fixed,,399.0,399.0,,,,1,134813_8_S,,,,,,,17,,,,,,
134813_8_M,,134813_8_M เชิ้ตผู้หญิงผ้าพื้นแขนยาว,Shirts,Fixed,,399.0,399.0,,,,1,134813_8_M,,,,,,,5,,,,,,
134813_8_L,,134813_8_L เชิ้ตผู้หญิงผ้าพื้นแขนยาว,Shirts,Fixed,,399.0,399.0,,,,1,134813_8_L,,,,,,,16,,,,,,
134813_8_XL,,134813_8_XL เชิ้ตผู้หญิงผ้าพื้นแขนยาว,Shirts,Fixed,,399.0,399.0,,,,1,134813_8_XL,,,,,,,18,,,,,,
134813_8_2XL,,134813_8_2XL เชิ้ตผู้หญิงผ้าพื้นแขนยาว,Shirts,Fixed,,399.0,399.0,,,,1,134813_8_2XL,,,,,,,0,,,,,,
134813_8_3XL,,134813_8_3XL เชิ้ตผู้หญิงผ้าพื้นแขนยาว,Shirts,Fixed,,450.0,450.0,,,,1,134813_8_3XL,,,,,,,0,,,,,,
134813_9_SS,,134813_9_SS เชิ้ตผู้หญิงผ้าพื้นแขนยาว,Shirts,Fixed,,399.0,399.0,,,,1,134813_9_SS,,,,,,,0,,,,,,
134813_9_S,,134813_9_S เชิ้ตผู้หญิงผ้าพื้นแขนยาว,Shirts,Fixed,,399.0,399.0,,,,1,134813_9_S,,,,,,,15,,,,,,
134813_9_M,,134813_9_M เชิ้ตผู้หญิงผ้าพื้นแขนยาว,Shirts,Fixed,,399.0,399.0,,,,1,134813_9_M,,,,,,,20,,,,,,
134813_9_L,,134813_9_L เชิ้ตผู้หญิงผ้าพื้นแขนยาว,Shirts,Fixed,,399.0,399.0,,,,1,134813_9_L,,,,,,,24,,,,,,
134813_9_XL,,134813_9_XL เชิ้ตผู้หญิงผ้าพื้นแขนยาว,Shirts,Fixed,,399.0,399.0,,,,1,134813_9_XL,,,,,,,13,,,,,,
134813_9_2XL,,134813_9_2XL เชิ้ตผู้หญิงผ้าพื้นแขนยาว,Shirts,Fixed,,399.0,399.0,,,,1,134813_9_2XL,,,,,,,4,,,,,,
134813_9_3XL,,134813_9_3XL เชิ้ตผู้หญิงผ้าพื้นแขนยาว,Shirts,Fixed,,450.0,450.0,,,,1,134813_9_3XL,,,,,,,4,,,,,,
134813_10_SS,,134813_10_SS เชิ้ตผู้หญิงผ้าพื้นแขนยาว,Shirts,Fixed,,399.0,399.0,,,,1,134813_10_SS,,,,,,,0,,,,,,
134813_10_S,,134813_10_S เชิ้ตผู้หญิงผ้าพื้นแขนยาว,Shirts,Fixed,,399.0,399.0,,,,1,134813_10_S,,,,,,,49,,,,,,
134813_10_M,,134813_10_M เชิ้ตผู้หญิงผ้าพื้นแขนยาว,Shirts,Fixed,,399.0,399.0,,,,1,134813_10_M,,,,,,,68,,,,,,
134813_10_L,,134813_10_L เชิ้ตผู้หญิงผ้าพื้นแขนยาว,Shirts,Fixed,,399.0,399.0,,,,1,134813_10_L,,,,,,,56,,,,,,
134813_10_XL,,134813_10_XL เชิ้ตผู้หญิงผ้าพื้นแขนยาว,Shirts,Fixed,,399.0,399.0,,,,1,134813_10_XL,,,,,,,34,,,,,,
134813_10_2XL,,134813_10_2XL เชิ้ตผู้หญิงผ้าพื้นแขนยาว,Shirts,Fixed,,399.0,399.0,,,,1,134813_10_2XL,,,,,,,23,,,,,,
134813_10_3XL,,134813_10_3XL เชิ้ตผู้หญิงผ้าพื้นแขนยาว,Shirts,Fixed,,450.0,450.0,,,,1,134813_10_3XL,,,,,,,12,,,,,,
134813_11_SS,,134813_11_SS เชิ้ตผู้หญิงผ้าพื้นแขนยาว,Shirts,Fixed,,399.0,399.0,,,,1,134813_11_SS,,,,,,,0,,,,,,
134813_11_S,,134813_11_S เชิ้ตผู้หญิงผ้าพื้นแขนยาว,Shirts,Fixed,,399.0,399.0,,,,1,134813_11_S,,,,,,,19,,,,,,
134813_11_M,,134813_11_M เชิ้ตผู้หญิงผ้าพื้นแขนยาว,Shirts,Fixed,,399.0,399.0,,,,1,134813_11_M,,,,,,,20,,,,,,
134813_11_L,,134813_11_L เชิ้ตผู้หญิงผ้าพื้นแขนยาว,Shirts,Fixed,,399.0,399.0,,,,1,134813_11_L,,,,,,,25,,,,,,
134813_11_XL,,134813_11_XL เชิ้ตผู้หญิงผ้าพื้นแขนยาว,Shirts,Fixed,,399.0,399.0,,,,1,134813_11_XL,,,,,,,15,,,,,,
134813_11_2XL,,134813_11_2XL เชิ้ตผู้หญิงผ้าพื้นแขนยาว,Shirts,Fixed,,399.0,399.0,,,,1,134813_11_2XL,,,,,,,13,,,,,,
134813_11_3XL,,134813_11_3XL เชิ้ตผู้หญิงผ้าพื้นแขนยาว,Shirts,Fixed,,450.0,450.0,,,,1,134813_11_3XL,,,,,,,8,,,,,,
134813_12_SS,,134813_12_SS เชิ้ตผู้หญิงผ้าพื้นแขนยาว,Shirts,Fixed,,399.0,399.0,,,,1,134813_12_SS,,,,,,,0,,,,,,
134813_12_S,,134813_12_S เชิ้ตผู้หญิงผ้าพื้นแขนยาว,Shirts,Fixed,,399.0,399.0,,,,1,134813_12_S,,,,,,,6,,,,,,
134813_12_M,,134813_12_M เชิ้ตผู้หญิงผ้าพื้นแขนยาว,Shirts,Fixed,,399.0,399.0,,,,1,134813_12_M,,,,,,,31,,,,,,
134813_12_L,,134813_12_L เชิ้ตผู้หญิงผ้าพื้นแขนยาว,Shirts,Fixed,,399.0,399.0,,,,1,134813_12_L,,,,,,,14,,,,,,
134813_12_XL,,134813_12_XL เชิ้ตผู้หญิงผ้าพื้นแขนยาว,Shirts,Fixed,,399.0,399.0,,,,1,134813_12_XL,,,,,,,15,,,,,,
134813_12_2XL,,134813_12_2XL เชิ้ตผู้หญิงผ้าพื้นแขนยาว,Shirts,Fixed,,399.0,399.0,,,,1,134813_12_2XL,,,,,,,15,,,,,,
134813_12_3XL,,134813_12_3XL เชิ้ตผู้หญิงผ้าพื้นแขนยาว,Shirts,Fixed,,450.0,450.0,,,,1,134813_12_3XL,,,,,,,6,,,,,,
134813_23_SS,,134813_23_SS เชิ้ตผู้หญิงผ้าพื้นแขนยาว,Shirts,Fixed,,399.0,399.0,,,,1,134813_23_SS,,,,,,,0,,,,,,
134813_23_S,,134813_23_S เชิ้ตผู้หญิงผ้าพื้นแขนยาว,Shirts,Fixed,,399.0,399.0,,,,1,134813_23_S,,,,,,,12,,,,,,
134813_23_M,,134813_23_M เชิ้ตผู้หญิงผ้าพื้นแขนยาว,Shirts,Fixed,,399.0,399.0,,,,1,134813_23_M,,,,,,,80,,,,,,
134813_23_L,,134813_23_L เชิ้ตผู้หญิงผ้าพื้นแขนยาว,Shirts,Fixed,,399.0,399.0,,,,1,134813_23_L,,,,,,,51,,,,,,
134813_23_XL,,134813_23_XL เชิ้ตผู้หญิงผ้าพื้นแขนยาว,Shirts,Fixed,,399.0,399.0,,,,1,134813_23_XL,,,,,,,21,,,,,,
134813_23_2XL,,134813_23_2XL เชิ้ตผู้หญิงผ้าพื้นแขนยาว,Shirts,Fixed,,399.0,399.0,,,,1,134813_23_2XL,,,,,,,21,,,,,,
134813_23_3XL,,134813_23_3XL เชิ้ตผู้หญิงผ้าพื้นแขนยาว,Shirts,Fixed,,450.0,450.0,,,,1,134813_23_3XL,,,,,,,24,,,,,,
134813_25_SS,,134813_25_SS เชิ้ตผู้หญิงผ้าพื้นแขนยาว,Shirts,Fixed,,399.0,399.0,,,,1,134813_25_SS,,,,,,,0,,,,,,
134813_25_S,,134813_25_S เชิ้ตผู้หญิงผ้าพื้นแขนยาว,Shirts,Fixed,,399.0,399.0,,,,1,134813_25_S,,,,,,,23,,,,,,
134813_25_M,,134813_25_M เชิ้ตผู้หญิงผ้าพื้นแขนยาว,Shirts,Fixed,,399.0,399.0,,,,1,134813_25_M,,,,,,,3,,,,,,
134813_25_L,,134813_25_L เชิ้ตผู้หญิงผ้าพื้นแขนยาว,Shirts,Fixed,,399.0,399.0,,,,1,134813_25_L,,,,,,,0,,,,,,
134813_25_XL,,134813_25_XL เชิ้ตผู้หญิงผ้าพื้นแขนยาว,Shirts,Fixed,,399.0,399.0,,,,1,134813_25_XL,,,,,,,21,,,,,,
134813_25_2XL,,134813_25_2XL เชิ้ตผู้หญิงผ้าพื้นแขนยาว,Shirts,Fixed,,399.0,399.0,,,,1,134813_25_2XL,,,,,,,7,,,,,,
134813_25_3XL,,134813_25_3XL เชิ้ตผู้หญิงผ้าพื้นแขนยาว,Shirts,Fixed,,450.0,450.0,,,,1,134813_25_3XL,,,,,,,6,,,,,,
134813_32_SS,,134813_32_SS เชิ้ตผู้หญิงผ้าพื้นแขนยาว,Shirts,Fixed,,399.0,399.0,,,,1,134813_32_SS,,,,,,,0,,,,,,
134813_32_S,,134813_32_S เชิ้ตผู้หญิงผ้าพื้นแขนยาว,Shirts,Fixed,,399.0,399.0,,,,1,134813_32_S,,,,,,,0,,,,,,
134813_32_M,,134813_32_M เชิ้ตผู้หญิงผ้าพื้นแขนยาว,Shirts,Fixed,,399.0,399.0,,,,1,134813_32_M,,,,,,,0,,,,,,
134813_32_L,,134813_32_L เชิ้ตผู้หญิงผ้าพื้นแขนยาว,Shirts,Fixed,,399.0,399.0,,,,1,134813_32_L,,,,,,,13,,,,,,
134813_32_XL,,134813_32_XL เชิ้ตผู้หญิงผ้าพื้นแขนยาว,Shirts,Fixed,,399.0,399.0,,,,1,134813_32_XL,,,,,,,37,,,,,,
134813_32_2XL,,134813_32_2XL เชิ้ตผู้หญิงผ้าพื้นแขนยาว,Shirts,Fixed,,399.0,399.0,,,,1,134813_32_2XL,,,,,,,43,,,,,,
134813_32_3XL,,134813_32_3XL เชิ้ตผู้หญิงผ้าพื้นแขนยาว,Shirts,Fixed,,450.0,450.0,,,,1,134813_32_3XL,,,,,,,7,,,,,,
1349112_0_SS,,1349112_0_SS เชิ้ตผู้หญิงผ้าพื้นแขนยาว,Shirts,Fixed,,399.0,399.0,,,,1,1349112_0_SS,,,,,,,0,,,,,,
1349112_0_S,,1349112_0_S เชิ้ตผู้หญิงผ้าพื้นแขนยาว,Shirts,Fixed,,399.0,399.0,,,,1,1349112_0_S,,,,,,,0,,,,,,
1349112_0_M,,1349112_0_M เชิ้ตผู้หญิงผ้าพื้นแขนยาว,Shirts,Fixed,,399.0,399.0,,,,1,1349112_0_M,,,,,,,54,,,,,,
1349112_0_L,,1349112_0_L เชิ้ตผู้หญิงผ้าพื้นแขนยาว,Shirts,Fixed,,399.0,399.0,,,,1,1349112_0_L,,,,,,,65,,,,,,
1349112_0_XL,,1349112_0_XL เชิ้ตผู้หญิงผ้าพื้นแขนยาว,Shirts,Fixed,,399.0,399.0,,,,1,1349112_0_XL,,,,,,,43,,,,,,
1349112_0_2XL,,1349112_0_2XL เชิ้ตผู้หญิงผ้าพื้นแขนยาว,Shirts,Fixed,,399.0,399.0,,,,1,1349112_0_2XL,,,,,,,21,,,,,,
1349112_0_3XL,,1349112_0_3XL เชิ้ตผู้หญิงผ้าพื้นแขนยาว,Shirts,Fixed,,450.0,450.0,,,,1,1349112_0_3XL,,,,,,,2,,,,,,
231187_2_SS,,231187_2_SS เชิ้ตผู้หญิงลายริ้วแขนสั้น,Shirts,Fixed,,435.0,435.0,,,,1,231187_2_SS,,,,,,,0,,,,,,
231187_2_S,,231187_2_S เชิ้ตผู้หญิงลายริ้วแขนสั้น,Shirts,Fixed,,435.0,435.0,,,,1,231187_2_S,,,,,,,0,,,,,,
231187_2_M,,231187_2_M เชิ้ตผู้หญิงลายริ้วแขนสั้น,Shirts,Fixed,,435.0,435.0,,,,1,231187_2_M,,,,,,,13,,,,,,
231187_2_L,,231187_2_L เชิ้ตผู้หญิงลายริ้วแขนสั้น,Shirts,Fixed,,435.0,435.0,,,,1,231187_2_L,,,,,,,13,,,,,,
231187_2_XL,,231187_2_XL เชิ้ตผู้หญิงลายริ้วแขนสั้น,Shirts,Fixed,,435.0,435.0,,,,1,231187_2_XL,,,,,,,14,,,,,,
231187_2_2XL,,231187_2_2XL เชิ้ตผู้หญิงลายริ้วแขนสั้น,Shirts,Fixed,,435.0,435.0,,,,1,231187_2_2XL,,,,,,,0,,,,,,
231187_2_3XL,,231187_2_3XL เชิ้ตผู้หญิงลายริ้วแขนสั้น,Shirts,Fixed,,450.0,450.0,,,,1,231187_2_3XL,,,,,,,0,,,,,,
231187_4_SS,,231187_4_SS เชิ้ตผู้หญิงลายริ้วแขนสั้น,Shirts,Fixed,,435.0,435.0,,,,1,231187_4_SS,,,,,,,0,,,,,,
231187_4_S,,231187_4_S เชิ้ตผู้หญิงลายริ้วแขนสั้น,Shirts,Fixed,,435.0,435.0,,,,1,231187_4_S,,,,,,,3,,,,,,
231187_4_M,,231187_4_M เชิ้ตผู้หญิงลายริ้วแขนสั้น,Shirts,Fixed,,435.0,435.0,,,,1,231187_4_M,,,,,,,10,,,,,,
231187_4_L,,231187_4_L เชิ้ตผู้หญิงลายริ้วแขนสั้น,Shirts,Fixed,,435.0,435.0,,,,1,231187_4_L,,,,,,,10,,,,,,
231187_4_XL,,231187_4_XL เชิ้ตผู้หญิงลายริ้วแขนสั้น,Shirts,Fixed,,435.0,435.0,,,,1,231187_4_XL,,,,,,,11,,,,,,
231187_4_2XL,,231187_4_2XL เชิ้ตผู้หญิงลายริ้วแขนสั้น,Shirts,Fixed,,435.0,435.0,,,,1,231187_4_2XL,,,,,,,3,,,,,,
231187_4_3XL,,231187_4_3XL เชิ้ตผู้หญิงลายริ้วแขนสั้น,Shirts,Fixed,,485.0,485.0,,,,1,231187_4_3XL,,,,,,,2,,,,,,
231187_5_SS,,231187_5_SS เชิ้ตผู้หญิงลายริ้วแขนสั้น,Shirts,Fixed,,435.0,435.0,,,,1,231187_5_SS,,,,,,,0,,,,,,
231187_5_S,,231187_5_S เชิ้ตผู้หญิงลายริ้วแขนสั้น,Shirts,Fixed,,435.0,435.0,,,,1,231187_5_S,,,,,,,7,,,,,,
231187_5_M,,231187_5_M เชิ้ตผู้หญิงลายริ้วแขนสั้น,Shirts,Fixed,,435.0,435.0,,,,1,231187_5_M,,,,,,,20,,,,,,
231187_5_L,,231187_5_L เชิ้ตผู้หญิงลายริ้วแขนสั้น,Shirts,Fixed,,435.0,435.0,,,,1,231187_5_L,,,,,,,19,,,,,,
231187_5_XL,,231187_5_XL เชิ้ตผู้หญิงลายริ้วแขนสั้น,Shirts,Fixed,,435.0,435.0,,,,1,231187_5_XL,,,,,,,17,,,,,,
231187_5_2XL,,231187_5_2XL เชิ้ตผู้หญิงลายริ้วแขนสั้น,Shirts,Fixed,,435.0,435.0,,,,1,231187_5_2XL,,,,,,,10,,,,,,
231187_5_3XL,,231187_5_3XL เชิ้ตผู้หญิงลายริ้วแขนสั้น,Shirts,Fixed,,485.0,485.0,,,,1,231187_5_3XL,,,,,,,6,,,,,,
231187_8_SS,,231187_8_SS เชิ้ตผู้หญิงลายริ้วแขนสั้น,Shirts,Fixed,,435.0,435.0,,,,1,231187_8_SS,,,,,,,0,,,,,,
231187_8_S,,231187_8_S เชิ้ตผู้หญิงลายริ้วแขนสั้น,Shirts,Fixed,,435.0,435.0,,,,1,231187_8_S,,,,,,,0,,,,,,
231187_8_M,,231187_8_M เชิ้ตผู้หญิงลายริ้วแขนสั้น,Shirts,Fixed,,435.0,435.0,,,,1,231187_8_M,,,,,,,10,,,,,,
231187_8_L,,231187_8_L เชิ้ตผู้หญิงลายริ้วแขนสั้น,Shirts,Fixed,,435.0,435.0,,,,1,231187_8_L,,,,,,,8,,,,,,
231187_8_XL,,231187_8_XL เชิ้ตผู้หญิงลายริ้วแขนสั้น,Shirts,Fixed,,435.0,435.0,,,,1,231187_8_XL,,,,,,,3,,,,,,
231187_8_2XL,,231187_8_2XL เชิ้ตผู้หญิงลายริ้วแขนสั้น,Shirts,Fixed,,435.0,435.0,,,,1,231187_8_2XL,,,,,,,2,,,,,,
231187_8_3XL,,231187_8_3XL เชิ้ตผู้หญิงลายริ้วแขนสั้น,Shirts,Fixed,,485.0,485.0,,,,1,231187_8_3XL,,,,,,,0,,,,,,
231188_4_SS,,231188_4_SS เชิ้ตผู้หญิงลายริ้วแขนสั้น,Shirts,Fixed,,465.0,465.0,,,,1,231188_4_SS,,,,,,,0,,,,,,
231188_4_S,,231188_4_S เชิ้ตผู้หญิงลายริ้วแขนสั้น,Shirts,Fixed,,465.0,465.0,,,,1,231188_4_S,,,,,,,5,,,,,,
231188_4_M,,231188_4_M เชิ้ตผู้หญิงลายริ้วแขนสั้น,Shirts,Fixed,,465.0,465.0,,,,1,231188_4_M,,,,,,,11,,,,,,
231188_4_L,,231188_4_L เชิ้ตผู้หญิงลายริ้วแขนสั้น,Shirts,Fixed,,465.0,465.0,,,,1,231188_4_L,,,,,,,10,,,,,,
231188_4_XL,,231188_4_XL เชิ้ตผู้หญิงลายริ้วแขนสั้น,Shirts,Fixed,,465.0,465.0,,,,1,231188_4_XL,,,,,,,12,,,,,,
231188_4_2XL,,231188_4_2XL เชิ้ตผู้หญิงลายริ้วแขนสั้น,Shirts,Fixed,,465.0,465.0,,,,1,231188_4_2XL,,,,,,,8,,,,,,
231188_4_3XL,,231188_4_3XL เชิ้ตผู้หญิงลายริ้วแขนสั้น,Shirts,Fixed,,495.0,495.0,,,,1,231188_4_3XL,,,,,,,4,,,,,,
231188_10_SS,,231188_10_SS เชิ้ตผู้หญิงลายริ้วแขนสั้น,Shirts,Fixed,,465.0,465.0,,,,1,231188_10_SS,,,,,,,0,,,,,,
231188_10_S,,231188_10_S เชิ้ตผู้หญิงลายริ้วแขนสั้น,Shirts,Fixed,,465.0,465.0,,,,1,231188_10_S,,,,,,,7,,,,,,
231188_10_M,,231188_10_M เชิ้ตผู้หญิงลายริ้วแขนสั้น,Shirts,Fixed,,465.0,465.0,,,,1,231188_10_M,,,,,,,21,,,,,,
231188_10_L,,231188_10_L เชิ้ตผู้หญิงลายริ้วแขนสั้น,Shirts,Fixed,,465.0,465.0,,,,1,231188_10_L,,,,,,,22,,,,,,
231188_10_XL,,231188_10_XL เชิ้ตผู้หญิงลายริ้วแขนสั้น,Shirts,Fixed,,465.0,465.0,,,,1,231188_10_XL,,,,,,,20,,,,,,
231188_10_2XL,,231188_10_2XL เชิ้ตผู้หญิงลายริ้วแขนสั้น,Shirts,Fixed,,465.0,465.0,,,,1,231188_10_2XL,,,,,,,11,,,,,,
231188_10_3XL,,231188_10_3XL เชิ้ตผู้หญิงลายริ้วแขนสั้น,Shirts,Fixed,,495.0,495.0,,,,1,231188_10_3XL,,,,,,,1,,,,,,
234139_23_SS,,234139_23_SS เชิ้ตผู้หญิงผ้าพื้นแขนสั้น,Shirts,Fixed,,365.0,365.0,,,,1,234139_23_SS,,,,,,,0,,,,,,
234139_23_S,,234139_23_S เชิ้ตผู้หญิงผ้าพื้นแขนสั้น,Shirts,Fixed,,365.0,365.0,,,,1,234139_23_S,,,,,,,0,,,,,,
234139_23_M,,234139_23_M เชิ้ตผู้หญิงผ้าพื้นแขนสั้น,Shirts,Fixed,,365.0,365.0,,,,1,234139_23_M,,,,,,,0,,,,,,
234139_23_L,,234139_23_L เชิ้ตผู้หญิงผ้าพื้นแขนสั้น,Shirts,Fixed,,365.0,365.0,,,,1,234139_23_L,,,,,,,12,,,,,,
234139_23_XL,,234139_23_XL เชิ้ตผู้หญิงผ้าพื้นแขนสั้น,Shirts,Fixed,,365.0,365.0,,,,1,234139_23_XL,,,,,,,7,,,,,,
234139_23_2XL,,234139_23_2XL เชิ้ตผู้หญิงผ้าพื้นแขนสั้น,Shirts,Fixed,,365.0,365.0,,,,1,234139_23_2XL,,,,,,,9,,,,,,
234139_23_3XL,,234139_23_3XL เชิ้ตผู้หญิงผ้าพื้นแขนสั้น,Shirts,Fixed,,399.0,399.0,,,,1,234139_23_3XL,,,,,,,1,,,,,,
234706_0_SS,,234706_0_SS เชิ้ตผู้หญิงผ้าพื้นแขนสั้น,Shirts,Fixed,,399.0,399.0,,,,1,234706_0_SS,,,,,,,0,,,,,,
234706_0_S,,234706_0_S เชิ้ตผู้หญิงผ้าพื้นแขนสั้น,Shirts,Fixed,,399.0,399.0,,,,1,234706_0_S,,,,,,,0,,,,,,
234706_0_M,,234706_0_M เชิ้ตผู้หญิงผ้าพื้นแขนสั้น,Shirts,Fixed,,399.0,399.0,,,,1,234706_0_M,,,,,,,20,,,,,,
234706_0_L,,234706_0_L เชิ้ตผู้หญิงผ้าพื้นแขนสั้น,Shirts,Fixed,,399.0,399.0,,,,1,234706_0_L,,,,,,,0,,,,,,
234706_0_XL,,234706_0_XL เชิ้ตผู้หญิงผ้าพื้นแขนสั้น,Shirts,Fixed,,399.0,399.0,,,,1,234706_0_XL,,,,,,,3,,,,,,
234706_0_2XL,,234706_0_2XL เชิ้ตผู้หญิงผ้าพื้นแขนสั้น,Shirts,Fixed,,399.0,399.0,,,,1,234706_0_2XL,,,,,,,0,,,,,,
234706_0_3XL,,234706_0_3XL เชิ้ตผู้หญิงผ้าพื้นแขนสั้น,Shirts,Fixed,,399.0,399.0,,,,1,234706_0_3XL,,,,,,,0,,,,,,
234813_0_SS,,234813_0_SS เชิ้ตผู้หญิงผ้าพื้นแขนสั้น,Shirts,Fixed,,365.0,365.0,,,,1,234813_0_SS,,,,,,,0,,,,,,
234813_0_S,,234813_0_S เชิ้ตผู้หญิงผ้าพื้นแขนสั้น,Shirts,Fixed,,365.0,365.0,,,,1,234813_0_S,,,,,,,15,,,,,,
234813_0_M,,234813_0_M เชิ้ตผู้หญิงผ้าพื้นแขนสั้น,Shirts,Fixed,,365.0,365.0,,,,1,234813_0_M,,,,,,,29,,,,,,
234813_0_L,,234813_0_L เชิ้ตผู้หญิงผ้าพื้นแขนสั้น,Shirts,Fixed,,365.0,365.0,,,,1,234813_0_L,,,,,,,25,,,,,,
234813_0_XL,,234813_0_XL เชิ้ตผู้หญิงผ้าพื้นแขนสั้น,Shirts,Fixed,,365.0,365.0,,,,1,234813_0_XL,,,,,,,31,,,,,,
234813_0_2XL,,234813_0_2XL เชิ้ตผู้หญิงผ้าพื้นแขนสั้น,Shirts,Fixed,,365.0,365.0,,,,1,234813_0_2XL,,,,,,,18,,,,,,
234813_0_3XL,,234813_0_3XL เชิ้ตผู้หญิงผ้าพื้นแขนสั้น,Shirts,Fixed,,399.0,399.0,,,,1,234813_0_3XL,,,,,,,8,,,,,,
234813_2_SS,,234813_2_SS เชิ้ตผู้หญิงผ้าพื้นแขนสั้น,Shirts,Fixed,,365.0,365.0,,,,1,234813_2_SS,,,,,,,0,,,,,,
234813_2_S,,234813_2_S เชิ้ตผู้หญิงผ้าพื้นแขนสั้น,Shirts,Fixed,,365.0,365.0,,,,1,234813_2_S,,,,,,,6,,,,,,
234813_2_M,,234813_2_M เชิ้ตผู้หญิงผ้าพื้นแขนสั้น,Shirts,Fixed,,365.0,365.0,,,,1,234813_2_M,,,,,,,9,,,,,,
234813_2_L,,234813_2_L เชิ้ตผู้หญิงผ้าพื้นแขนสั้น,Shirts,Fixed,,365.0,365.0,,,,1,234813_2_L,,,,,,,7,,,,,,
234813_2_XL,,234813_2_XL เชิ้ตผู้หญิงผ้าพื้นแขนสั้น,Shirts,Fixed,,365.0,365.0,,,,1,234813_2_XL,,,,,,,6,,,,,,
234813_2_2XL,,234813_2_2XL เชิ้ตผู้หญิงผ้าพื้นแขนสั้น,Shirts,Fixed,,365.0,365.0,,,,1,234813_2_2XL,,,,,,,15,,,,,,
234813_2_3XL,,234813_2_3XL เชิ้ตผู้หญิงผ้าพื้นแขนสั้น,Shirts,Fixed,,399.0,399.0,,,,1,234813_2_3XL,,,,,,,0,,,,,,
234813_4_SS,,234813_4_SS เชิ้ตผู้หญิงผ้าพื้นแขนสั้น,Shirts,Fixed,,365.0,365.0,,,,1,234813_4_SS,,,,,,,0,,,,,,
234813_4_S,,234813_4_S เชิ้ตผู้หญิงผ้าพื้นแขนสั้น,Shirts,Fixed,,365.0,365.0,,,,1,234813_4_S,,,,,,,8,,,,,,
234813_4_M,,234813_4_M เชิ้ตผู้หญิงผ้าพื้นแขนสั้น,Shirts,Fixed,,365.0,365.0,,,,1,234813_4_M,,,,,,,23,,,,,,
234813_4_L,,234813_4_L เชิ้ตผู้หญิงผ้าพื้นแขนสั้น,Shirts,Fixed,,365.0,365.0,,,,1,234813_4_L,,,,,,,24,,,,,,
234813_4_XL,,234813_4_XL เชิ้ตผู้หญิงผ้าพื้นแขนสั้น,Shirts,Fixed,,365.0,365.0,,,,1,234813_4_XL,,,,,,,14,,,,,,
234813_4_2XL,,234813_4_2XL เชิ้ตผู้หญิงผ้าพื้นแขนสั้น,Shirts,Fixed,,365.0,365.0,,,,1,234813_4_2XL,,,,,,,13,,,,,,
234813_4_3XL,,234813_4_3XL เชิ้ตผู้หญิงผ้าพื้นแขนสั้น,Shirts,Fixed,,399.0,399.0,,,,1,234813_4_3XL,,,,,,,4,,,,,,
234813_5_SS,,234813_5_SS เชิ้ตผู้หญิงผ้าพื้นแขนสั้น,Shirts,Fixed,,365.0,365.0,,,,1,234813_5_SS,,,,,,,0,,,,,,
234813_5_S,,234813_5_S เชิ้ตผู้หญิงผ้าพื้นแขนสั้น,Shirts,Fixed,,365.0,365.0,,,,1,234813_5_S,,,,,,,34,,,,,,
234813_5_M,,234813_5_M เชิ้ตผู้หญิงผ้าพื้นแขนสั้น,Shirts,Fixed,,365.0,365.0,,,,1,234813_5_M,,,,,,,97,,,,,,
234813_5_L,,234813_5_L เชิ้ตผู้หญิงผ้าพื้นแขนสั้น,Shirts,Fixed,,365.0,365.0,,,,1,234813_5_L,,,,,,,94,,,,,,
234813_5_XL,,234813_5_XL เชิ้ตผู้หญิงผ้าพื้นแขนสั้น,Shirts,Fixed,,365.0,365.0,,,,1,234813_5_XL,,,,,,,63,,,,,,
234813_5_2XL,,234813_5_2XL เชิ้ตผู้หญิงผ้าพื้นแขนสั้น,Shirts,Fixed,,365.0,365.0,,,,1,234813_5_2XL,,,,,,,56,,,,,,
234813_5_3XL,,234813_5_3XL เชิ้ตผู้หญิงผ้าพื้นแขนสั้น,Shirts,Fixed,,399.0,399.0,,,,1,234813_5_3XL,,,,,,,18,,,,,,
234813_10_SS,,234813_10_SS เชิ้ตผู้หญิงผ้าพื้นแขนสั้น,Shirts,Fixed,,365.0,365.0,,,,1,234813_10_SS,,,,,,,0,,,,,,
234813_10_S,,234813_10_S เชิ้ตผู้หญิงผ้าพื้นแขนสั้น,Shirts,Fixed,,365.0,365.0,,,,1,234813_10_S,,,,,,,13,,,,,,
234813_10_M,,234813_10_M เชิ้ตผู้หญิงผ้าพื้นแขนสั้น,Shirts,Fixed,,365.0,365.0,,,,1,234813_10_M,,,,,,,26,,,,,,
234813_10_L,,234813_10_L เชิ้ตผู้หญิงผ้าพื้นแขนสั้น,Shirts,Fixed,,365.0,365.0,,,,1,234813_10_L,,,,,,,38,,,,,,
234813_10_XL,,234813_10_XL เชิ้ตผู้หญิงผ้าพื้นแขนสั้น,Shirts,Fixed,,365.0,365.0,,,,1,234813_10_XL,,,,,,,7,,,,,,
234813_10_2XL,,234813_10_2XL เชิ้ตผู้หญิงผ้าพื้นแขนสั้น,Shirts,Fixed,,365.0,365.0,,,,1,234813_10_2XL,,,,,,,21,,,,,,
234813_10_3XL,,234813_10_3XL เชิ้ตผู้หญิงผ้าพื้นแขนสั้น,Shirts,Fixed,,399.0,399.0,,,,1,234813_10_3XL,,,,,,,6,,,,,,
234813_23_SS,,234813_23_SS เชิ้ตผู้หญิงผ้าพื้นแขนสั้น,Shirts,Fixed,,365.0,365.0,,,,1,234813_23_SS,,,,,,,0,,,,,,
234813_23_S,,234813_23_S เชิ้ตผู้หญิงผ้าพื้นแขนสั้น,Shirts,Fixed,,365.0,365.0,,,,1,234813_23_S,,,,,,,23,,,,,,
234813_23_M,,234813_23_M เชิ้ตผู้หญิงผ้าพื้นแขนสั้น,Shirts,Fixed,,365.0,365.0,,,,1,234813_23_M,,,,,,,38,,,,,,
234813_23_L,,234813_23_L เชิ้ตผู้หญิงผ้าพื้นแขนสั้น,Shirts,Fixed,,365.0,365.0,,,,1,234813_23_L,,,,,,,42,,,,,,
234813_23_XL,,234813_23_XL เชิ้ตผู้หญิงผ้าพื้นแขนสั้น,Shirts,Fixed,,365.0,365.0,,,,1,234813_23_XL,,,,,,,36,,,,,,
234813_23_2XL,,234813_23_2XL เชิ้ตผู้หญิงผ้าพื้นแขนสั้น,Shirts,Fixed,,365.0,365.0,,,,1,234813_23_2XL,,,,,,,28,,,,,,
234813_23_3XL,,234813_23_3XL เชิ้ตผู้หญิงผ้าพื้นแขนสั้น,Shirts,Fixed,,399.0,399.0,,,,1,234813_23_3XL,,,,,,,13,,,,,,
234813_25_SS,,234813_25_SS เชิ้ตผู้หญิงผ้าพื้นแขนสั้น,Shirts,Fixed,,365.0,365.0,,,,1,234813_25_SS,,,,,,,0,,,,,,
234813_25_S,,234813_25_S เชิ้ตผู้หญิงผ้าพื้นแขนสั้น,Shirts,Fixed,,365.0,365.0,,,,1,234813_25_S,,,,,,,17,,,,,,
234813_25_M,,234813_25_M เชิ้ตผู้หญิงผ้าพื้นแขนสั้น,Shirts,Fixed,,365.0,365.0,,,,1,234813_25_M,,,,,,,33,,,,,,
234813_25_L,,234813_25_L เชิ้ตผู้หญิงผ้าพื้นแขนสั้น,Shirts,Fixed,,365.0,365.0,,,,1,234813_25_L,,,,,,,30,,,,,,
234813_25_XL,,234813_25_XL เชิ้ตผู้หญิงผ้าพื้นแขนสั้น,Shirts,Fixed,,365.0,365.0,,,,1,234813_25_XL,,,,,,,33,,,,,,
234813_25_2XL,,234813_25_2XL เชิ้ตผู้หญิงผ้าพื้นแขนสั้น,Shirts,Fixed,,365.0,365.0,,,,1,234813_25_2XL,,,,,,,20,,,,,,
234813_25_3XL,,234813_25_3XL เชิ้ตผู้หญิงผ้าพื้นแขนสั้น,Shirts,Fixed,,399.0,399.0,,,,1,234813_25_3XL,,,,,,,9,,,,,,
244706_0_SS,,244706_0_SS เชิ้ตผู้ชายผ้าพื้นแขนสั้น,Shirts,Fixed,,465.0,465.0,,,,1,244706_0_SS,,,,,,,0,,,,,,
244706_0_S,,244706_0_S เชิ้ตผู้ชายผ้าพื้นแขนสั้น,Shirts,Fixed,,465.0,465.0,,,,1,244706_0_S,,,,,,,0,,,,,,
244706_0_M,,244706_0_M เชิ้ตผู้ชายผ้าพื้นแขนสั้น,Shirts,Fixed,,465.0,465.0,,,,1,244706_0_M,,,,,,,0,,,,,,
244706_0_L,,244706_0_L เชิ้ตผู้ชายผ้าพื้นแขนสั้น,Shirts,Fixed,,465.0,465.0,,,,1,244706_0_L,,,,,,,6,,,,,,
244706_0_XL,,244706_0_XL เชิ้ตผู้ชายผ้าพื้นแขนสั้น,Shirts,Fixed,,465.0,465.0,,,,1,244706_0_XL,,,,,,,0,,,,,,
244706_0_2XL,,244706_0_2XL เชิ้ตผู้ชายผ้าพื้นแขนสั้น,Shirts,Fixed,,465.0,465.0,,,,1,244706_0_2XL,,,,,,,0,,,,,,
244706_0_3XL,,244706_0_3XL เชิ้ตผู้ชายผ้าพื้นแขนสั้น,Shirts,Fixed,,399.0,399.0,,,,1,244706_0_3XL,,,,,,,0,,,,,,
334116_7_SS,,334116_7_SS เชิ้ตผู้หญิงผ้าพื้นแขนสามส่วน,Shirts,Fixed,,495.0,495.0,,,,1,334116_7_SS,,,,,,,0,,,,,,
334116_7_S,,334116_7_S เชิ้ตผู้หญิงผ้าพื้นแขนสามส่วน,Shirts,Fixed,,495.0,495.0,,,,1,334116_7_S,,,,,,,4,,,,,,
334116_7_M,,334116_7_M เชิ้ตผู้หญิงผ้าพื้นแขนสามส่วน,Shirts,Fixed,,495.0,495.0,,,,1,334116_7_M,,,,,,,11,,,,,,
334116_7_L,,334116_7_L เชิ้ตผู้หญิงผ้าพื้นแขนสามส่วน,Shirts,Fixed,,495.0,495.0,,,,1,334116_7_L,,,,,,,14,,,,,,
334116_7_XL,,334116_7_XL เชิ้ตผู้หญิงผ้าพื้นแขนสามส่วน,Shirts,Fixed,,495.0,495.0,,,,1,334116_7_XL,,,,,,,17,,,,,,
334116_7_2XL,,334116_7_2XL เชิ้ตผู้หญิงผ้าพื้นแขนสามส่วน,Shirts,Fixed,,495.0,495.0,,,,1,334116_7_2XL,,,,,,,13,,,,,,
334116_7_3XL,,334116_7_3XL เชิ้ตผู้หญิงผ้าพื้นแขนสามส่วน,Shirts,Fixed,,545.0,545.0,,,,1,334116_7_3XL,,,,,,,4,,,,,,
334116_13_SS,,334116_13_SS เชิ้ตผู้หญิงผ้าพื้นแขนสามส่วน,Shirts,Fixed,,495.0,495.0,,,,1,334116_13_SS,,,,,,,0,,,,,,
334116_13_S,,334116_13_S เชิ้ตผู้หญิงผ้าพื้นแขนสามส่วน,Shirts,Fixed,,495.0,495.0,,,,1,334116_13_S,,,,,,,5,,,,,,
334116_13_M,,334116_13_M เชิ้ตผู้หญิงผ้าพื้นแขนสามส่วน,Shirts,Fixed,,495.0,495.0,,,,1,334116_13_M,,,,,,,18,,,,,,
334116_13_L,,334116_13_L เชิ้ตผู้หญิงผ้าพื้นแขนสามส่วน,Shirts,Fixed,,495.0,495.0,,,,1,334116_13_L,,,,,,,2,,,,,,
334116_13_XL,,334116_13_XL เชิ้ตผู้หญิงผ้าพื้นแขนสามส่วน,Shirts,Fixed,,495.0,495.0,,,,1,334116_13_XL,,,,,,,2,,,,,,
334116_13_2XL,,334116_13_2XL เชิ้ตผู้หญิงผ้าพื้นแขนสามส่วน,Shirts,Fixed,,495.0,495.0,,,,1,334116_13_2XL,,,,,,,1,,,,,,
334116_13_3XL,,334116_13_3XL เชิ้ตผู้หญิงผ้าพื้นแขนสามส่วน,Shirts,Fixed,,545.0,545.0,,,,1,334116_13_3XL,,,,,,,0,,,,,,
334813_5_SS,,334813_5_SS เชิ้ตผู้หญิงผ้าพื้นแขนสามส่วน,Shirts,Fixed,,399.0,399.0,,,,1,334813_5_SS,,,,,,,0,,,,,,
334813_5_S,,334813_5_S เชิ้ตผู้หญิงผ้าพื้นแขนสามส่วน,Shirts,Fixed,,399.0,399.0,,,,1,334813_5_S,,,,,,,33,,,,,,
334813_5_M,,334813_5_M เชิ้ตผู้หญิงผ้าพื้นแขนสามส่วน,Shirts,Fixed,,399.0,399.0,,,,1,334813_5_M,,,,,,,81,,,,,,
334813_5_L,,334813_5_L เชิ้ตผู้หญิงผ้าพื้นแขนสามส่วน,Shirts,Fixed,,399.0,399.0,,,,1,334813_5_L,,,,,,,78,,,,,,
334813_5_XL,,334813_5_XL เชิ้ตผู้หญิงผ้าพื้นแขนสามส่วน,Shirts,Fixed,,399.0,399.0,,,,1,334813_5_XL,,,,,,,68,,,,,,
334813_5_2XL,,334813_5_2XL เชิ้ตผู้หญิงผ้าพื้นแขนสามส่วน,Shirts,Fixed,,399.0,399.0,,,,1,334813_5_2XL,,,,,,,60,,,,,,
334813_5_3XL,,334813_5_3XL เชิ้ตผู้หญิงผ้าพื้นแขนสามส่วน,Shirts,Fixed,,450.0,450.0,,,,1,334813_5_3XL,,,,,,,27,,,,,,
335183_4_SS,,335183_4_SS เชิ้ตผู้หญิงผ้าพิมสามส่วน,Shirts,Fixed,,495.0,495.0,,,,1,335183_4_SS,,,,,,,0,,,,,,
335183_4_S,,335183_4_S เชิ้ตผู้หญิงผ้าพิมสามส่วน,Shirts,Fixed,,495.0,495.0,,,,1,335183_4_S,,,,,,,0,,,,,,
335183_4_M,,335183_4_M เชิ้ตผู้หญิงผ้าพิมสามส่วน,Shirts,Fixed,,495.0,495.0,,,,1,335183_4_M,,,,,,,0,,,,,,
335183_4_L,,335183_4_L เชิ้ตผู้หญิงผ้าพิมสามส่วน,Shirts,Fixed,,495.0,495.0,,,,1,335183_4_L,,,,,,,20,,,,,,
335183_4_XL,,335183_4_XL เชิ้ตผู้หญิงผ้าพิมสามส่วน,Shirts,Fixed,,495.0,495.0,,,,1,335183_4_XL,,,,,,,14,,,,,,
335183_4_2XL,,335183_4_2XL เชิ้ตผู้หญิงผ้าพิมสามส่วน,Shirts,Fixed,,495.0,495.0,,,,1,335183_4_2XL,,,,,,,3,,,,,,
335183_4_3XL,,335183_4_3XL เชิ้ตผู้หญิงผ้าพิมสามส่วน,Shirts,Fixed,,450.0,450.0,,,,1,335183_4_3XL,,,,,,,0,,,,,,
